Method,Job,AnalyzeLaunchVariance,EvaluateOverhead,MaxAbsoluteError,MaxRelativeError,MinInvokeCount,MinIterationTime,OutlierMode,Affinity,EnvironmentVariables,Jit,LargeAddressAware,Platform,PowerPlanMode,Runtime,AllowVeryLargeObjects,Concurrent,CpuGroups,Force,HeapAffinitizeMask,HeapCount,NoAffinitize,RetainVm,Server,Arguments,BuildConfiguration,Clock,EngineFactory,NuGetReferences,Toolchain,IsMutator,InvocationCount,IterationCount,IterationTime,LaunchCount,MaxIterationCount,MaxWarmupIterationCount,MemoryRandomization,MinIterationCount,MinWarmupIterationCount,RunStrategy,UnrollFactor,WarmupCount,MatchCount,Shape,Mean,Error,StdDev,Ratio,RatioSD,Gen0,Gen1,Allocated,Alloc Ratio
RuntimeReplace,Job-GJBZFV,False,Default,Default,Default,Default,Default,Default,000000000000000000000000000000000000000000000000000000000000000000000000000000000000000000000000000000000000000000000000000000001111111111111111111111111111111111111111111111111111111111111111,Empty,RyuJit,Default,X64,8c5e7fda-e8bf-4a96-9a85-a6e23a8c635c,.NET 10.0,False,True,False,True,Default,Default,False,False,False,Default,Default,Default,Default,Default,Default,Default,Default,7,150ms,1,Default,Default,Default,Default,Default,Default,16,3,0,Expand,17.73 ns,0.963 ns,0.428 ns,1.00,0.03,0.0000,0.0000,0 B,NA
PooledBuilder,Job-GJBZFV,False,Default,Default,Default,Default,Default,Default,000000000000000000000000000000000000000000000000000000000000000000000000000000000000000000000000000000000000000000000000000000001111111111111111111111111111111111111111111111111111111111111111,Empty,RyuJit,Default,X64,8c5e7fda-e8bf-4a96-9a85-a6e23a8c635c,.NET 10.0,False,True,False,True,Default,Default,False,False,False,Default,Default,Default,Default,Default,Default,Default,Default,7,150ms,1,Default,Default,Default,Default,Default,Default,16,3,0,Expand,19.88 ns,0.976 ns,0.433 ns,1.12,0.03,0.0000,0.0000,0 B,NA
SpanStringBuilder,Job-GJBZFV,False,Default,Default,Default,Default,Default,Default,000000000000000000000000000000000000000000000000000000000000000000000000000000000000000000000000000000000000000000000000000000001111111111111111111111111111111111111111111111111111111111111111,Empty,RyuJit,Default,X64,8c5e7fda-e8bf-4a96-9a85-a6e23a8c635c,.NET 10.0,False,True,False,True,Default,Default,False,False,False,Default,Default,Default,Default,Default,Default,Default,Default,7,150ms,1,Default,Default,Default,Default,Default,Default,16,3,0,Expand,19.13 ns,0.710 ns,0.315 ns,1.08,0.03,0.0000,0.0000,0 B,NA
RuntimeReplace,Job-GJBZFV,False,Default,Default,Default,Default,Default,Default,000000000000000000000000000000000000000000000000000000000000000000000000000000000000000000000000000000000000000000000000000000001111111111111111111111111111111111111111111111111111111111111111,Empty,RyuJit,Default,X64,8c5e7fda-e8bf-4a96-9a85-a6e23a8c635c,.NET 10.0,False,True,False,True,Default,Default,False,False,False,Default,Default,Default,Default,Default,Default,Default,Default,7,150ms,1,Default,Default,Default,Default,Default,Default,16,3,0,Redact,20.38 ns,0.326 ns,0.145 ns,1.00,0.01,0.0000,0.0000,0 B,NA
PooledBuilder,Job-GJBZFV,False,Default,Default,Default,Default,Default,Default,000000000000000000000000000000000000000000000000000000000000000000000000000000000000000000000000000000000000000000000000000000001111111111111111111111111111111111111111111111111111111111111111,Empty,RyuJit,Default,X64,8c5e7fda-e8bf-4a96-9a85-a6e23a8c635c,.NET 10.0,False,True,False,True,Default,Default,False,False,False,Default,Default,Default,Default,Default,Default,Default,Default,7,150ms,1,Default,Default,Default,Default,Default,Default,16,3,0,Redact,19.07 ns,1.212 ns,0.538 ns,0.94,0.03,0.0000,0.0000,0 B,NA
SpanStringBuilder,Job-GJBZFV,False,Default,Default,Default,Default,Default,Default,000000000000000000000000000000000000000000000000000000000000000000000000000000000000000000000000000000000000000000000000000000001111111111111111111111111111111111111111111111111111111111111111,Empty,RyuJit,Default,X64,8c5e7fda-e8bf-4a96-9a85-a6e23a8c635c,.NET 10.0,False,True,False,True,Default,Default,False,False,False,Default,Default,Default,Default,Default,Default,Default,Default,7,150ms,1,Default,Default,Default,Default,Default,Default,16,3,0,Redact,18.88 ns,1.219 ns,0.541 ns,0.93,0.03,0.0000,0.0000,0 B,NA
RuntimeReplace,Job-GJBZFV,False,Default,Default,Default,Default,Default,Default,000000000000000000000000000000000000000000000000000000000000000000000000000000000000000000000000000000000000000000000000000000001111111111111111111111111111111111111111111111111111111111111111,Empty,RyuJit,Default,X64,8c5e7fda-e8bf-4a96-9a85-a6e23a8c635c,.NET 10.0,False,True,False,True,Default,Default,False,False,False,Default,Default,Default,Default,Default,Default,Default,Default,7,150ms,1,Default,Default,Default,Default,Default,Default,16,3,0,Remove,19.04 ns,2.420 ns,0.863 ns,1.00,0.06,0.0000,0.0000,0 B,NA
PooledBuilder,Job-GJBZFV,False,Default,Default,Default,Default,Default,Default,000000000000000000000000000000000000000000000000000000000000000000000000000000000000000000000000000000000000000000000000000000001111111111111111111111111111111111111111111111111111111111111111,Empty,RyuJit,Default,X64,8c5e7fda-e8bf-4a96-9a85-a6e23a8c635c,.NET 10.0,False,True,False,True,Default,Default,False,False,False,Default,Default,Default,Default,Default,Default,Default,Default,7,150ms,1,Default,Default,Default,Default,Default,Default,16,3,0,Remove,21.01 ns,0.945 ns,0.420 ns,1.10,0.05,0.0000,0.0000,0 B,NA
SpanStringBuilder,Job-GJBZFV,False,Default,Default,Default,Default,Default,Default,000000000000000000000000000000000000000000000000000000000000000000000000000000000000000000000000000000000000000000000000000000001111111111111111111111111111111111111111111111111111111111111111,Empty,RyuJit,Default,X64,8c5e7fda-e8bf-4a96-9a85-a6e23a8c635c,.NET 10.0,False,True,False,True,Default,Default,False,False,False,Default,Default,Default,Default,Default,Default,Default,Default,7,150ms,1,Default,Default,Default,Default,Default,Default,16,3,0,Remove,19.89 ns,1.462 ns,0.649 ns,1.05,0.05,0.0000,0.0000,0 B,NA
RuntimeReplace,Job-GJBZFV,False,Default,Default,Default,Default,Default,Default,000000000000000000000000000000000000000000000000000000000000000000000000000000000000000000000000000000000000000000000000000000001111111111111111111111111111111111111111111111111111111111111111,Empty,RyuJit,Default,X64,8c5e7fda-e8bf-4a96-9a85-a6e23a8c635c,.NET 10.0,False,True,False,True,Default,Default,False,False,False,Default,Default,Default,Default,Default,Default,Default,Default,7,150ms,1,Default,Default,Default,Default,Default,Default,16,3,1,Expand,126.10 ns,3.035 ns,1.348 ns,1.00,0.01,0.0256,0.0000,440 B,1.00
PooledBuilder,Job-GJBZFV,False,Default,Default,Default,Default,Default,Default,000000000000000000000000000000000000000000000000000000000000000000000000000000000000000000000000000000000000000000000000000000001111111111111111111111111111111111111111111111111111111111111111,Empty,RyuJit,Default,X64,8c5e7fda-e8bf-4a96-9a85-a6e23a8c635c,.NET 10.0,False,True,False,True,Default,Default,False,False,False,Default,Default,Default,Default,Default,Default,Default,Default,7,150ms,1,Default,Default,Default,Default,Default,Default,16,3,1,Expand,50.17 ns,4.799 ns,1.711 ns,0.40,0.01,0.0137,0.0000,232 B,0.53
SpanStringBuilder,Job-GJBZFV,False,Default,Default,Default,Default,Default,Default,000000000000000000000000000000000000000000000000000000000000000000000000000000000000000000000000000000000000000000000000000000001111111111111111111111111111111111111111111111111111111111111111,Empty,RyuJit,Default,X64,8c5e7fda-e8bf-4a96-9a85-a6e23a8c635c,.NET 10.0,False,True,False,True,Default,Default,False,False,False,Default,Default,Default,Default,Default,Default,Default,Default,7,150ms,1,Default,Default,Default,Default,Default,Default,16,3,1,Expand,89.00 ns,3.284 ns,1.171 ns,0.71,0.01,0.0515,0.0000,864 B,1.96
RuntimeReplace,Job-GJBZFV,False,Default,Default,Default,Default,Default,Default,000000000000000000000000000000000000000000000000000000000000000000000000000000000000000000000000000000000000000000000000000000001111111111111111111111111111111111111111111111111111111111111111,Empty,RyuJit,Default,X64,8c5e7fda-e8bf-4a96-9a85-a6e23a8c635c,.NET 10.0,False,True,False,True,Default,Default,False,False,False,Default,Default,Default,Default,Default,Default,Default,Default,7,150ms,1,Default,Default,Default,Default,Default,Default,16,3,1,Redact,119.26 ns,4.857 ns,2.156 ns,1.00,0.02,0.0153,0.0000,264 B,1.00
PooledBuilder,Job-GJBZFV,False,Default,Default,Default,Default,Default,Default,000000000000000000000000000000000000000000000000000000000000000000000000000000000000000000000000000000000000000000000000000000001111111111111111111111111111111111111111111111111111111111111111,Empty,RyuJit,Default,X64,8c5e7fda-e8bf-4a96-9a85-a6e23a8c635c,.NET 10.0,False,True,False,True,Default,Default,False,False,False,Default,Default,Default,Default,Default,Default,Default,Default,7,150ms,1,Default,Default,Default,Default,Default,Default,16,3,1,Redact,49.79 ns,9.410 ns,4.178 ns,0.42,0.03,0.0031,0.0000,56 B,0.21
SpanStringBuilder,Job-GJBZFV,False,Default,Default,Default,Default,Default,Default,000000000000000000000000000000000000000000000000000000000000000000000000000000000000000000000000000000000000000000000000000000001111111111111111111111111111111111111111111111111111111111111111,Empty,RyuJit,Default,X64,8c5e7fda-e8bf-4a96-9a85-a6e23a8c635c,.NET 10.0,False,True,False,True,Default,Default,False,False,False,Default,Default,Default,Default,Default,Default,Default,Default,7,150ms,1,Default,Default,Default,Default,Default,Default,16,3,1,Redact,56.53 ns,2.503 ns,0.893 ns,0.47,0.01,0.0148,0.0000,248 B,0.94
RuntimeReplace,Job-GJBZFV,False,Default,Default,Default,Default,Default,Default,000000000000000000000000000000000000000000000000000000000000000000000000000000000000000000000000000000000000000000000000000000001111111111111111111111111111111111111111111111111111111111111111,Empty,RyuJit,Default,X64,8c5e7fda-e8bf-4a96-9a85-a6e23a8c635c,.NET 10.0,False,True,False,True,Default,Default,False,False,False,Default,Default,Default,Default,Default,Default,Default,Default,7,150ms,1,Default,Default,Default,Default,Default,Default,16,3,1,Remove,124.26 ns,13.349 ns,5.927 ns,1.00,0.06,0.0148,0.0000,248 B,1.00
PooledBuilder,Job-GJBZFV,False,Default,Default,Default,Default,Default,Default,000000000000000000000000000000000000000000000000000000000000000000000000000000000000000000000000000000000000000000000000000000001111111111111111111111111111111111111111111111111111111111111111,Empty,RyuJit,Default,X64,8c5e7fda-e8bf-4a96-9a85-a6e23a8c635c,.NET 10.0,False,True,False,True,Default,Default,False,False,False,Default,Default,Default,Default,Default,Default,Default,Default,7,150ms,1,Default,Default,Default,Default,Default,Default,16,3,1,Remove,43.67 ns,2.488 ns,1.104 ns,0.35,0.02,0.0022,0.0000,40 B,0.16
SpanStringBuilder,Job-GJBZFV,False,Default,Default,Default,Default,Default,Default,000000000000000000000000000000000000000000000000000000000000000000000000000000000000000000000000000000000000000000000000000000001111111111111111111111111111111111111111111111111111111111111111,Empty,RyuJit,Default,X64,8c5e7fda-e8bf-4a96-9a85-a6e23a8c635c,.NET 10.0,False,True,False,True,Default,Default,False,False,False,Default,Default,Default,Default,Default,Default,Default,Default,7,150ms,1,Default,Default,Default,Default,Default,Default,16,3,1,Remove,44.32 ns,1.223 ns,0.543 ns,0.36,0.02,0.0080,0.0000,136 B,0.55
RuntimeReplace,Job-GJBZFV,False,Default,Default,Default,Default,Default,Default,000000000000000000000000000000000000000000000000000000000000000000000000000000000000000000000000000000000000000000000000000000001111111111111111111111111111111111111111111111111111111111111111,Empty,RyuJit,Default,X64,8c5e7fda-e8bf-4a96-9a85-a6e23a8c635c,.NET 10.0,False,True,False,True,Default,Default,False,False,False,Default,Default,Default,Default,Default,Default,Default,Default,7,150ms,1,Default,Default,Default,Default,Default,Default,16,3,8,Expand,614.25 ns,195.621 ns,86.857 ns,1.02,0.19,0.1974,0.0000,3336 B,1.00
PooledBuilder,Job-GJBZFV,False,Default,Default,Default,Default,Default,Default,000000000000000000000000000000000000000000000000000000000000000000000000000000000000000000000000000000000000000000000000000000001111111111111111111111111111111111111111111111111111111111111111,Empty,RyuJit,Default,X64,8c5e7fda-e8bf-4a96-9a85-a6e23a8c635c,.NET 10.0,False,True,False,True,Default,Default,False,False,False,Default,Default,Default,Default,Default,Default,Default,Default,7,150ms,1,Default,Default,Default,Default,Default,Default,16,3,8,Expand,338.35 ns,14.192 ns,5.061 ns,0.56,0.08,0.0989,0.0000,1672 B,0.50
SpanStringBuilder,Job-GJBZFV,False,Default,Default,Default,Default,Default,Default,000000000000000000000000000000000000000000000000000000000000000000000000000000000000000000000000000000000000000000000000000000001111111111111111111111111111111111111111111111111111111111111111,Empty,RyuJit,Default,X64,8c5e7fda-e8bf-4a96-9a85-a6e23a8c635c,.NET 10.0,False,True,False,True,Default,Default,False,False,False,Default,Default,Default,Default,Default,Default,Default,Default,7,150ms,1,Default,Default,Default,Default,Default,Default,16,3,8,Expand,401.50 ns,13.293 ns,4.740 ns,0.67,0.09,0.2726,0.0000,4592 B,1.38
RuntimeReplace,Job-GJBZFV,False,Default,Default,Default,Default,Default,Default,000000000000000000000000000000000000000000000000000000000000000000000000000000000000000000000000000000000000000000000000000000001111111111111111111111111111111111111111111111111111111111111111,Empty,RyuJit,Default,X64,8c5e7fda-e8bf-4a96-9a85-a6e23a8c635c,.NET 10.0,False,True,False,True,Default,Default,False,False,False,Default,Default,Default,Default,Default,Default,Default,Default,7,150ms,1,Default,Default,Default,Default,Default,Default,16,3,8,Redact,406.06 ns,37.750 ns,16.761 ns,1.00,0.06,0.1166,0.0000,1960 B,1.00
PooledBuilder,Job-GJBZFV,False,Default,Default,Default,Default,Default,Default,000000000000000000000000000000000000000000000000000000000000000000000000000000000000000000000000000000000000000000000000000000001111111111111111111111111111111111111111111111111111111111111111,Empty,RyuJit,Default,X64,8c5e7fda-e8bf-4a96-9a85-a6e23a8c635c,.NET 10.0,False,True,False,True,Default,Default,False,False,False,Default,Default,Default,Default,Default,Default,Default,Default,7,150ms,1,Default,Default,Default,Default,Default,Default,16,3,8,Redact,261.73 ns,10.474 ns,4.651 ns,0.65,0.03,0.0162,0.0000,296 B,0.15
SpanStringBuilder,Job-GJBZFV,False,Default,Default,Default,Default,Default,Default,000000000000000000000000000000000000000000000000000000000000000000000000000000000000000000000000000000000000000000000000000000001111111111111111111111111111111111111111111111111111111111111111,Empty,RyuJit,Default,X64,8c5e7fda-e8bf-4a96-9a85-a6e23a8c635c,.NET 10.0,False,True,False,True,Default,Default,False,False,False,Default,Default,Default,Default,Default,Default,Default,Default,7,150ms,1,Default,Default,Default,Default,Default,Default,16,3,8,Redact,280.50 ns,7.492 ns,3.326 ns,0.69,0.03,0.0444,0.0000,760 B,0.39
RuntimeReplace,Job-GJBZFV,False,Default,Default,Default,Default,Default,Default,000000000000000000000000000000000000000000000000000000000000000000000000000000000000000000000000000000000000000000000000000000001111111111111111111111111111111111111111111111111111111111111111,Empty,RyuJit,Default,X64,8c5e7fda-e8bf-4a96-9a85-a6e23a8c635c,.NET 10.0,False,True,False,True,Default,Default,False,False,False,Default,Default,Default,Default,Default,Default,Default,Default,7,150ms,1,Default,Default,Default,Default,Default,Default,16,3,8,Remove,400.46 ns,31.660 ns,14.057 ns,1.00,0.05,0.1064,0.0000,1800 B,1.00
PooledBuilder,Job-GJBZFV,False,Default,Default,Default,Default,Default,Default,000000000000000000000000000000000000000000000000000000000000000000000000000000000000000000000000000000000000000000000000000000001111111111111111111111111111111111111111111111111111111111111111,Empty,RyuJit,Default,X64,8c5e7fda-e8bf-4a96-9a85-a6e23a8c635c,.NET 10.0,False,True,False,True,Default,Default,False,False,False,Default,Default,Default,Default,Default,Default,Default,Default,7,150ms,1,Default,Default,Default,Default,Default,Default,16,3,8,Remove,236.87 ns,10.502 ns,4.663 ns,0.59,0.02,0.0080,0.0000,136 B,0.08
SpanStringBuilder,Job-GJBZFV,False,Default,Default,Default,Default,Default,Default,000000000000000000000000000000000000000000000000000000000000000000000000000000000000000000000000000000000000000000000000000000001111111111111111111111111111111111111111111111111111111111111111,Empty,RyuJit,Default,X64,8c5e7fda-e8bf-4a96-9a85-a6e23a8c635c,.NET 10.0,False,True,False,True,Default,Default,False,False,False,Default,Default,Default,Default,Default,Default,Default,Default,7,150ms,1,Default,Default,Default,Default,Default,Default,16,3,8,Remove,243.07 ns,8.992 ns,3.207 ns,0.61,0.02,0.0219,0.0000,368 B,0.20
RuntimeReplace,Job-GJBZFV,False,Default,Default,Default,Default,Default,Default,000000000000000000000000000000000000000000000000000000000000000000000000000000000000000000000000000000000000000000000000000000001111111111111111111111111111111111111111111111111111111111111111,Empty,RyuJit,Default,X64,8c5e7fda-e8bf-4a96-9a85-a6e23a8c635c,.NET 10.0,False,True,False,True,Default,Default,False,False,False,Default,Default,Default,Default,Default,Default,Default,Default,7,150ms,1,Default,Default,Default,Default,Default,Default,16,3,128,Expand,"5,927.04 ns",304.880 ns,135.369 ns,1.00,0.03,3.1250,0.0000,53016 B,1.00
PooledBuilder,Job-GJBZFV,False,Default,Default,Default,Default,Default,Default,000000000000000000000000000000000000000000000000000000000000000000000000000000000000000000000000000000000000000000000000000000001111111111111111111111111111111111111111111111111111111111111111,Empty,RyuJit,Default,X64,8c5e7fda-e8bf-4a96-9a85-a6e23a8c635c,.NET 10.0,False,True,False,True,Default,Default,False,False,False,Default,Default,Default,Default,Default,Default,Default,Default,7,150ms,1,Default,Default,Default,Default,Default,Default,16,3,128,Expand,"4,626.09 ns",292.617 ns,129.924 ns,0.78,0.03,1.5536,0.0000,26392 B,0.50
SpanStringBuilder,Job-GJBZFV,False,Default,Default,Default,Default,Default,Default,000000000000000000000000000000000000000000000000000000000000000000000000000000000000000000000000000000000000000000000000000000001111111111111111111111111111111111111111111111111111111111111111,Empty,RyuJit,Default,X64,8c5e7fda-e8bf-4a96-9a85-a6e23a8c635c,.NET 10.0,False,True,False,True,Default,Default,False,False,False,Default,Default,Default,Default,Default,Default,Default,Default,7,150ms,1,Default,Default,Default,Default,Default,Default,16,3,128,Expand,"5,666.45 ns",282.812 ns,125.570 ns,0.96,0.03,3.7651,0.2151,63232 B,1.19
RuntimeReplace,Job-GJBZFV,False,Default,Default,Default,Default,Default,Default,000000000000000000000000000000000000000000000000000000000000000000000000000000000000000000000000000000000000000000000000000000001111111111111111111111111111111111111111111111111111111111111111,Empty,RyuJit,Default,X64,8c5e7fda-e8bf-4a96-9a85-a6e23a8c635c,.NET 10.0,False,True,False,True,Default,Default,False,False,False,Default,Default,Default,Default,Default,Default,Default,Default,7,150ms,1,Default,Default,Default,Default,Default,Default,16,3,128,Redact,"5,525.35 ns",243.944 ns,86.993 ns,1.00,0.02,1.8287,0.0000,31000 B,1.00
PooledBuilder,Job-GJBZFV,False,Default,Default,Default,Default,Default,Default,000000000000000000000000000000000000000000000000000000000000000000000000000000000000000000000000000000000000000000000000000000001111111111111111111111111111111111111111111111111111111111111111,Empty,RyuJit,Default,X64,8c5e7fda-e8bf-4a96-9a85-a6e23a8c635c,.NET 10.0,False,True,False,True,Default,Default,False,False,False,Default,Default,Default,Default,Default,Default,Default,Default,7,150ms,1,Default,Default,Default,Default,Default,Default,16,3,128,Redact,"3,910.52 ns",209.660 ns,93.091 ns,0.71,0.02,0.2398,0.0000,4376 B,0.14
SpanStringBuilder,Job-GJBZFV,False,Default,Default,Default,Default,Default,Default,000000000000000000000000000000000000000000000000000000000000000000000000000000000000000000000000000000000000000000000000000000001111111111111111111111111111111111111111111111111111111111111111,Empty,RyuJit,Default,X64,8c5e7fda-e8bf-4a96-9a85-a6e23a8c635c,.NET 10.0,False,True,False,True,Default,Default,False,False,False,Default,Default,Default,Default,Default,Default,Default,Default,7,150ms,1,Default,Default,Default,Default,Default,Default,16,3,128,Redact,"4,106.91 ns",95.673 ns,42.479 ns,0.74,0.01,0.5729,0.0000,9640 B,0.31
RuntimeReplace,Job-GJBZFV,False,Default,Default,Default,Default,Default,Default,000000000000000000000000000000000000000000000000000000000000000000000000000000000000000000000000000000000000000000000000000000001111111111111111111111111111111111111111111111111111111111111111,Empty,RyuJit,Default,X64,8c5e7fda-e8bf-4a96-9a85-a6e23a8c635c,.NET 10.0,False,True,False,True,Default,Default,False,False,False,Default,Default,Default,Default,Default,Default,Default,Default,7,150ms,1,Default,Default,Default,Default,Default,Default,16,3,128,Remove,"5,413.74 ns",281.663 ns,125.060 ns,1.00,0.03,1.6862,0.0000,28440 B,1.00
PooledBuilder,Job-GJBZFV,False,Default,Default,Default,Default,Default,Default,000000000000000000000000000000000000000000000000000000000000000000000000000000000000000000000000000000000000000000000000000000001111111111111111111111111111111111111111111111111111111111111111,Empty,RyuJit,Default,X64,8c5e7fda-e8bf-4a96-9a85-a6e23a8c635c,.NET 10.0,False,True,False,True,Default,Default,False,False,False,Default,Default,Default,Default,Default,Default,Default,Default,7,150ms,1,Default,Default,Default,Default,Default,Default,16,3,128,Remove,"3,601.94 ns",299.136 ns,132.818 ns,0.67,0.03,0.0928,0.0000,1816 B,0.06
SpanStringBuilder,Job-GJBZFV,False,Default,Default,Default,Default,Default,Default,000000000000000000000000000000000000000000000000000000000000000000000000000000000000000000000000000000000000000000000000000000001111111111111111111111111111111111111111111111111111111111111111,Empty,RyuJit,Default,X64,8c5e7fda-e8bf-4a96-9a85-a6e23a8c635c,.NET 10.0,False,True,False,True,Default,Default,False,False,False,Default,Default,Default,Default,Default,Default,Default,Default,7,150ms,1,Default,Default,Default,Default,Default,Default,16,3,128,Remove,"3,555.24 ns",178.434 ns,79.226 ns,0.66,0.02,0.2595,0.0000,4448 B,0.16
