Method,Job,AnalyzeLaunchVariance,EvaluateOverhead,MaxAbsoluteError,MaxRelativeError,MinInvokeCount,MinIterationTime,OutlierMode,Affinity,EnvironmentVariables,Jit,LargeAddressAware,Platform,PowerPlanMode,Runtime,AllowVeryLargeObjects,Concurrent,CpuGroups,Force,HeapAffinitizeMask,HeapCount,NoAffinitize,RetainVm,Server,Arguments,BuildConfiguration,Clock,EngineFactory,NuGetReferences,Toolchain,IsMutator,InvocationCount,IterationCount,IterationTime,LaunchCount,MaxIterationCount,MaxWarmupIterationCount,MemoryRandomization,MinIterationCount,MinWarmupIterationCount,RunStrategy,UnrollFactor,WarmupCount,Operation,Length,Shape,Mean,Error,StdDev,Ratio,RatioSD,Gen0,Allocated,Alloc Ratio
Current,Job-XWXFEH,False,Default,Default,Default,Default,Default,Default,000000000000000000000000000000000000000000000000000000000000000000000000000000000000000000000000000000000000000000000000000000001111111111111111111111111111111111111111111111111111111111111111,Empty,RyuJit,Default,X64,8c5e7fda-e8bf-4a96-9a85-a6e23a8c635c,.NET 10.0,False,True,False,True,Default,Default,False,False,False,Default,Default,Default,Default,Default,InProcessEmitToolchain,Default,Default,5,100ms,1,Default,Default,Default,Default,Default,Default,16,3,Digits,32,Mixed,33.59 ns,1.482 ns,0.229 ns,1.00,0.01,0.0038,64 B,1.00
Builder,Job-XWXFEH,False,Default,Default,Default,Default,Default,Default,000000000000000000000000000000000000000000000000000000000000000000000000000000000000000000000000000000000000000000000000000000001111111111111111111111111111111111111111111111111111111111111111,Empty,RyuJit,Default,X64,8c5e7fda-e8bf-4a96-9a85-a6e23a8c635c,.NET 10.0,False,True,False,True,Default,Default,False,False,False,Default,Default,Default,Default,Default,InProcessEmitToolchain,Default,Default,5,100ms,1,Default,Default,Default,Default,Default,Default,16,3,Digits,32,Mixed,31.05 ns,0.642 ns,0.167 ns,0.92,0.01,0.0036,64 B,1.00
Buffer,Job-XWXFEH,False,Default,Default,Default,Default,Default,Default,000000000000000000000000000000000000000000000000000000000000000000000000000000000000000000000000000000000000000000000000000000001111111111111111111111111111111111111111111111111111111111111111,Empty,RyuJit,Default,X64,8c5e7fda-e8bf-4a96-9a85-a6e23a8c635c,.NET 10.0,False,True,False,True,Default,Default,False,False,False,Default,Default,Default,Default,Default,InProcessEmitToolchain,Default,Default,5,100ms,1,Default,Default,Default,Default,Default,Default,16,3,Digits,32,Mixed,27.11 ns,1.526 ns,0.396 ns,0.81,0.01,0.0037,64 B,1.00
BuilderSpan,Job-XWXFEH,False,Default,Default,Default,Default,Default,Default,000000000000000000000000000000000000000000000000000000000000000000000000000000000000000000000000000000000000000000000000000000001111111111111111111111111111111111111111111111111111111111111111,Empty,RyuJit,Default,X64,8c5e7fda-e8bf-4a96-9a85-a6e23a8c635c,.NET 10.0,False,True,False,True,Default,Default,False,False,False,Default,Default,Default,Default,Default,InProcessEmitToolchain,Default,Default,5,100ms,1,Default,Default,Default,Default,Default,Default,16,3,Digits,32,Mixed,29.75 ns,2.807 ns,0.729 ns,0.89,0.02,0.0037,64 B,1.00
Current,Job-XWXFEH,False,Default,Default,Default,Default,Default,Default,000000000000000000000000000000000000000000000000000000000000000000000000000000000000000000000000000000000000000000000000000000001111111111111111111111111111111111111111111111111111111111111111,Empty,RyuJit,Default,X64,8c5e7fda-e8bf-4a96-9a85-a6e23a8c635c,.NET 10.0,False,True,False,True,Default,Default,False,False,False,Default,Default,Default,Default,Default,InProcessEmitToolchain,Default,Default,5,100ms,1,Default,Default,Default,Default,Default,Default,16,3,Digits,512,Mixed,413.43 ns,12.742 ns,1.972 ns,1.00,0.01,0.0338,616 B,1.00
Builder,Job-XWXFEH,False,Default,Default,Default,Default,Default,Default,000000000000000000000000000000000000000000000000000000000000000000000000000000000000000000000000000000000000000000000000000000001111111111111111111111111111111111111111111111111111111111111111,Empty,RyuJit,Default,X64,8c5e7fda-e8bf-4a96-9a85-a6e23a8c635c,.NET 10.0,False,True,False,True,Default,Default,False,False,False,Default,Default,Default,Default,Default,InProcessEmitToolchain,Default,Default,5,100ms,1,Default,Default,Default,Default,Default,Default,16,3,Digits,512,Mixed,324.24 ns,16.035 ns,4.164 ns,0.78,0.01,0.0345,616 B,1.00
Buffer,Job-XWXFEH,False,Default,Default,Default,Default,Default,Default,000000000000000000000000000000000000000000000000000000000000000000000000000000000000000000000000000000000000000000000000000000001111111111111111111111111111111111111111111111111111111111111111,Empty,RyuJit,Default,X64,8c5e7fda-e8bf-4a96-9a85-a6e23a8c635c,.NET 10.0,False,True,False,True,Default,Default,False,False,False,Default,Default,Default,Default,Default,InProcessEmitToolchain,Default,Default,5,100ms,1,Default,Default,Default,Default,Default,Default,16,3,Digits,512,Mixed,272.37 ns,24.479 ns,6.357 ns,0.66,0.01,0.0352,616 B,1.00
BuilderSpan,Job-XWXFEH,False,Default,Default,Default,Default,Default,Default,000000000000000000000000000000000000000000000000000000000000000000000000000000000000000000000000000000000000000000000000000000001111111111111111111111111111111111111111111111111111111111111111,Empty,RyuJit,Default,X64,8c5e7fda-e8bf-4a96-9a85-a6e23a8c635c,.NET 10.0,False,True,False,True,Default,Default,False,False,False,Default,Default,Default,Default,Default,InProcessEmitToolchain,Default,Default,5,100ms,1,Default,Default,Default,Default,Default,Default,16,3,Digits,512,Mixed,286.82 ns,23.735 ns,6.164 ns,0.69,0.01,0.0362,616 B,1.00
Current,Job-XWXFEH,False,Default,Default,Default,Default,Default,Default,000000000000000000000000000000000000000000000000000000000000000000000000000000000000000000000000000000000000000000000000000000001111111111111111111111111111111111111111111111111111111111111111,Empty,RyuJit,Default,X64,8c5e7fda-e8bf-4a96-9a85-a6e23a8c635c,.NET 10.0,False,True,False,True,Default,Default,False,False,False,Default,Default,Default,Default,Default,InProcessEmitToolchain,Default,Default,5,100ms,1,Default,Default,Default,Default,Default,Default,16,3,Digits,4096,Mixed,"2,637.89 ns",579.916 ns,89.743 ns,1.00,0.04,0.2600,4768 B,1.00
Builder,Job-XWXFEH,False,Default,Default,Default,Default,Default,Default,000000000000000000000000000000000000000000000000000000000000000000000000000000000000000000000000000000000000000000000000000000001111111111111111111111111111111111111111111111111111111111111111,Empty,RyuJit,Default,X64,8c5e7fda-e8bf-4a96-9a85-a6e23a8c635c,.NET 10.0,False,True,False,True,Default,Default,False,False,False,Default,Default,Default,Default,Default,InProcessEmitToolchain,Default,Default,5,100ms,1,Default,Default,Default,Default,Default,Default,16,3,Digits,4096,Mixed,"2,387.62 ns",251.236 ns,65.245 ns,0.91,0.04,0.2799,4768 B,1.00
Buffer,Job-XWXFEH,False,Default,Default,Default,Default,Default,Default,000000000000000000000000000000000000000000000000000000000000000000000000000000000000000000000000000000000000000000000000000000001111111111111111111111111111111111111111111111111111111111111111,Empty,RyuJit,Default,X64,8c5e7fda-e8bf-4a96-9a85-a6e23a8c635c,.NET 10.0,False,True,False,True,Default,Default,False,False,False,Default,Default,Default,Default,Default,InProcessEmitToolchain,Default,Default,5,100ms,1,Default,Default,Default,Default,Default,Default,16,3,Digits,4096,Mixed,"1,739.47 ns",69.919 ns,18.158 ns,0.66,0.02,0.2747,4768 B,1.00
BuilderSpan,Job-XWXFEH,False,Default,Default,Default,Default,Default,Default,000000000000000000000000000000000000000000000000000000000000000000000000000000000000000000000000000000000000000000000000000000001111111111111111111111111111111111111111111111111111111111111111,Empty,RyuJit,Default,X64,8c5e7fda-e8bf-4a96-9a85-a6e23a8c635c,.NET 10.0,False,True,False,True,Default,Default,False,False,False,Default,Default,Default,Default,Default,InProcessEmitToolchain,Default,Default,5,100ms,1,Default,Default,Default,Default,Default,Default,16,3,Digits,4096,Mixed,"1,930.33 ns",78.797 ns,20.463 ns,0.73,0.02,0.2796,4768 B,1.00
Current,Job-XWXFEH,False,Default,Default,Default,Default,Default,Default,000000000000000000000000000000000000000000000000000000000000000000000000000000000000000000000000000000000000000000000000000000001111111111111111111111111111111111111111111111111111111111111111,Empty,RyuJit,Default,X64,8c5e7fda-e8bf-4a96-9a85-a6e23a8c635c,.NET 10.0,False,True,False,True,Default,Default,False,False,False,Default,Default,Default,Default,Default,InProcessEmitToolchain,Default,Default,5,100ms,1,Default,Default,Default,Default,Default,Default,16,3,Phone,32,Mixed,22.63 ns,0.850 ns,0.221 ns,1.00,0.01,0.0037,64 B,1.00
Builder,Job-XWXFEH,False,Default,Default,Default,Default,Default,Default,000000000000000000000000000000000000000000000000000000000000000000000000000000000000000000000000000000000000000000000000000000001111111111111111111111111111111111111111111111111111111111111111,Empty,RyuJit,Default,X64,8c5e7fda-e8bf-4a96-9a85-a6e23a8c635c,.NET 10.0,False,True,False,True,Default,Default,False,False,False,Default,Default,Default,Default,Default,InProcessEmitToolchain,Default,Default,5,100ms,1,Default,Default,Default,Default,Default,Default,16,3,Phone,32,Mixed,25.17 ns,1.517 ns,0.394 ns,1.11,0.02,0.0037,64 B,1.00
Buffer,Job-XWXFEH,False,Default,Default,Default,Default,Default,Default,000000000000000000000000000000000000000000000000000000000000000000000000000000000000000000000000000000000000000000000000000000001111111111111111111111111111111111111111111111111111111111111111,Empty,RyuJit,Default,X64,8c5e7fda-e8bf-4a96-9a85-a6e23a8c635c,.NET 10.0,False,True,False,True,Default,Default,False,False,False,Default,Default,Default,Default,Default,InProcessEmitToolchain,Default,Default,5,100ms,1,Default,Default,Default,Default,Default,Default,16,3,Phone,32,Mixed,28.24 ns,1.711 ns,0.444 ns,1.25,0.02,0.0036,64 B,1.00
BuilderSpan,Job-XWXFEH,False,Default,Default,Default,Default,Default,Default,000000000000000000000000000000000000000000000000000000000000000000000000000000000000000000000000000000000000000000000000000000001111111111111111111111111111111111111111111111111111111111111111,Empty,RyuJit,Default,X64,8c5e7fda-e8bf-4a96-9a85-a6e23a8c635c,.NET 10.0,False,True,False,True,Default,Default,False,False,False,Default,Default,Default,Default,Default,InProcessEmitToolchain,Default,Default,5,100ms,1,Default,Default,Default,Default,Default,Default,16,3,Phone,32,Mixed,26.30 ns,2.352 ns,0.611 ns,1.16,0.03,0.0036,64 B,1.00
Current,Job-XWXFEH,False,Default,Default,Default,Default,Default,Default,000000000000000000000000000000000000000000000000000000000000000000000000000000000000000000000000000000000000000000000000000000001111111111111111111111111111111111111111111111111111111111111111,Empty,RyuJit,Default,X64,8c5e7fda-e8bf-4a96-9a85-a6e23a8c635c,.NET 10.0,False,True,False,True,Default,Default,False,False,False,Default,Default,Default,Default,Default,InProcessEmitToolchain,Default,Default,5,100ms,1,Default,Default,Default,Default,Default,Default,16,3,Phone,512,Mixed,216.19 ns,22.205 ns,5.767 ns,1.00,0.03,0.0352,624 B,1.00
Builder,Job-XWXFEH,False,Default,Default,Default,Default,Default,Default,000000000000000000000000000000000000000000000000000000000000000000000000000000000000000000000000000000000000000000000000000000001111111111111111111111111111111111111111111111111111111111111111,Empty,RyuJit,Default,X64,8c5e7fda-e8bf-4a96-9a85-a6e23a8c635c,.NET 10.0,False,True,False,True,Default,Default,False,False,False,Default,Default,Default,Default,Default,InProcessEmitToolchain,Default,Default,5,100ms,1,Default,Default,Default,Default,Default,Default,16,3,Phone,512,Mixed,243.46 ns,7.122 ns,1.102 ns,1.13,0.03,0.0359,624 B,1.00
Buffer,Job-XWXFEH,False,Default,Default,Default,Default,Default,Default,000000000000000000000000000000000000000000000000000000000000000000000000000000000000000000000000000000000000000000000000000000001111111111111111111111111111111111111111111111111111111111111111,Empty,RyuJit,Default,X64,8c5e7fda-e8bf-4a96-9a85-a6e23a8c635c,.NET 10.0,False,True,False,True,Default,Default,False,False,False,Default,Default,Default,Default,Default,InProcessEmitToolchain,Default,Default,5,100ms,1,Default,Default,Default,Default,Default,Default,16,3,Phone,512,Mixed,221.31 ns,7.469 ns,1.940 ns,1.02,0.03,0.0364,624 B,1.00
BuilderSpan,Job-XWXFEH,False,Default,Default,Default,Default,Default,Default,000000000000000000000000000000000000000000000000000000000000000000000000000000000000000000000000000000000000000000000000000000001111111111111111111111111111111111111111111111111111111111111111,Empty,RyuJit,Default,X64,8c5e7fda-e8bf-4a96-9a85-a6e23a8c635c,.NET 10.0,False,True,False,True,Default,Default,False,False,False,Default,Default,Default,Default,Default,InProcessEmitToolchain,Default,Default,5,100ms,1,Default,Default,Default,Default,Default,Default,16,3,Phone,512,Mixed,241.80 ns,27.006 ns,4.179 ns,1.12,0.03,0.0371,624 B,1.00
Current,Job-XWXFEH,False,Default,Default,Default,Default,Default,Default,000000000000000000000000000000000000000000000000000000000000000000000000000000000000000000000000000000000000000000000000000000001111111111111111111111111111111111111111111111111111111111111111,Empty,RyuJit,Default,X64,8c5e7fda-e8bf-4a96-9a85-a6e23a8c635c,.NET 10.0,False,True,False,True,Default,Default,False,False,False,Default,Default,Default,Default,Default,InProcessEmitToolchain,Default,Default,5,100ms,1,Default,Default,Default,Default,Default,Default,16,3,Phone,4096,Mixed,"1,725.69 ns",81.339 ns,12.587 ns,1.00,0.01,0.2688,4768 B,1.00
Builder,Job-XWXFEH,False,Default,Default,Default,Default,Default,Default,000000000000000000000000000000000000000000000000000000000000000000000000000000000000000000000000000000000000000000000000000000001111111111111111111111111111111111111111111111111111111111111111,Empty,RyuJit,Default,X64,8c5e7fda-e8bf-4a96-9a85-a6e23a8c635c,.NET 10.0,False,True,False,True,Default,Default,False,False,False,Default,Default,Default,Default,Default,InProcessEmitToolchain,Default,Default,5,100ms,1,Default,Default,Default,Default,Default,Default,16,3,Phone,4096,Mixed,"1,660.16 ns",161.508 ns,41.943 ns,0.96,0.02,0.2789,4768 B,1.00
Buffer,Job-XWXFEH,False,Default,Default,Default,Default,Default,Default,000000000000000000000000000000000000000000000000000000000000000000000000000000000000000000000000000000000000000000000000000000001111111111111111111111111111111111111111111111111111111111111111,Empty,RyuJit,Default,X64,8c5e7fda-e8bf-4a96-9a85-a6e23a8c635c,.NET 10.0,False,True,False,True,Default,Default,False,False,False,Default,Default,Default,Default,Default,InProcessEmitToolchain,Default,Default,5,100ms,1,Default,Default,Default,Default,Default,Default,16,3,Phone,4096,Mixed,"1,794.42 ns",52.464 ns,13.625 ns,1.04,0.01,0.2767,4768 B,1.00
BuilderSpan,Job-XWXFEH,False,Default,Default,Default,Default,Default,Default,000000000000000000000000000000000000000000000000000000000000000000000000000000000000000000000000000000000000000000000000000000001111111111111111111111111111111111111111111111111111111111111111,Empty,RyuJit,Default,X64,8c5e7fda-e8bf-4a96-9a85-a6e23a8c635c,.NET 10.0,False,True,False,True,Default,Default,False,False,False,Default,Default,Default,Default,Default,InProcessEmitToolchain,Default,Default,5,100ms,1,Default,Default,Default,Default,Default,Default,16,3,Phone,4096,Mixed,"1,608.00 ns",104.340 ns,16.147 ns,0.93,0.01,0.2730,4768 B,1.00
Current,Job-XWXFEH,False,Default,Default,Default,Default,Default,Default,000000000000000000000000000000000000000000000000000000000000000000000000000000000000000000000000000000000000000000000000000000001111111111111111111111111111111111111111111111111111111111111111,Empty,RyuJit,Default,X64,8c5e7fda-e8bf-4a96-9a85-a6e23a8c635c,.NET 10.0,False,True,False,True,Default,Default,False,False,False,Default,Default,Default,Default,Default,InProcessEmitToolchain,Default,Default,5,100ms,1,Default,Default,Default,Default,Default,Default,16,3,RemoveChar,32,Mixed,20.19 ns,2.074 ns,0.539 ns,1.00,0.03,0.0042,72 B,1.00
Builder,Job-XWXFEH,False,Default,Default,Default,Default,Default,Default,000000000000000000000000000000000000000000000000000000000000000000000000000000000000000000000000000000000000000000000000000000001111111111111111111111111111111111111111111111111111111111111111,Empty,RyuJit,Default,X64,8c5e7fda-e8bf-4a96-9a85-a6e23a8c635c,.NET 10.0,False,True,False,True,Default,Default,False,False,False,Default,Default,Default,Default,Default,InProcessEmitToolchain,Default,Default,5,100ms,1,Default,Default,Default,Default,Default,Default,16,3,RemoveChar,32,Mixed,25.21 ns,1.695 ns,0.440 ns,1.25,0.04,0.0042,72 B,1.00
Buffer,Job-XWXFEH,False,Default,Default,Default,Default,Default,Default,000000000000000000000000000000000000000000000000000000000000000000000000000000000000000000000000000000000000000000000000000000001111111111111111111111111111111111111111111111111111111111111111,Empty,RyuJit,Default,X64,8c5e7fda-e8bf-4a96-9a85-a6e23a8c635c,.NET 10.0,False,True,False,True,Default,Default,False,False,False,Default,Default,Default,Default,Default,InProcessEmitToolchain,Default,Default,5,100ms,1,Default,Default,Default,Default,Default,Default,16,3,RemoveChar,32,Mixed,26.53 ns,1.887 ns,0.490 ns,1.31,0.04,0.0043,72 B,1.00
BuilderSpan,Job-XWXFEH,False,Default,Default,Default,Default,Default,Default,000000000000000000000000000000000000000000000000000000000000000000000000000000000000000000000000000000000000000000000000000000001111111111111111111111111111111111111111111111111111111111111111,Empty,RyuJit,Default,X64,8c5e7fda-e8bf-4a96-9a85-a6e23a8c635c,.NET 10.0,False,True,False,True,Default,Default,False,False,False,Default,Default,Default,Default,Default,InProcessEmitToolchain,Default,Default,5,100ms,1,Default,Default,Default,Default,Default,Default,16,3,RemoveChar,32,Mixed,22.92 ns,2.408 ns,0.625 ns,1.14,0.04,0.0043,72 B,1.00
Current,Job-XWXFEH,False,Default,Default,Default,Default,Default,Default,000000000000000000000000000000000000000000000000000000000000000000000000000000000000000000000000000000000000000000000000000000001111111111111111111111111111111111111111111111111111111111111111,Empty,RyuJit,Default,X64,8c5e7fda-e8bf-4a96-9a85-a6e23a8c635c,.NET 10.0,False,True,False,True,Default,Default,False,False,False,Default,Default,Default,Default,Default,InProcessEmitToolchain,Default,Default,5,100ms,1,Default,Default,Default,Default,Default,Default,16,3,RemoveChar,512,Mixed,190.55 ns,34.902 ns,9.064 ns,1.00,0.06,0.0485,832 B,1.00
Builder,Job-XWXFEH,False,Default,Default,Default,Default,Default,Default,000000000000000000000000000000000000000000000000000000000000000000000000000000000000000000000000000000000000000000000000000000001111111111111111111111111111111111111111111111111111111111111111,Empty,RyuJit,Default,X64,8c5e7fda-e8bf-4a96-9a85-a6e23a8c635c,.NET 10.0,False,True,False,True,Default,Default,False,False,False,Default,Default,Default,Default,Default,InProcessEmitToolchain,Default,Default,5,100ms,1,Default,Default,Default,Default,Default,Default,16,3,RemoveChar,512,Mixed,237.95 ns,27.619 ns,4.274 ns,1.25,0.06,0.0484,832 B,1.00
Buffer,Job-XWXFEH,False,Default,Default,Default,Default,Default,Default,000000000000000000000000000000000000000000000000000000000000000000000000000000000000000000000000000000000000000000000000000000001111111111111111111111111111111111111111111111111111111111111111,Empty,RyuJit,Default,X64,8c5e7fda-e8bf-4a96-9a85-a6e23a8c635c,.NET 10.0,False,True,False,True,Default,Default,False,False,False,Default,Default,Default,Default,Default,InProcessEmitToolchain,Default,Default,5,100ms,1,Default,Default,Default,Default,Default,Default,16,3,RemoveChar,512,Mixed,251.15 ns,14.092 ns,3.660 ns,1.32,0.06,0.0478,832 B,1.00
BuilderSpan,Job-XWXFEH,False,Default,Default,Default,Default,Default,Default,000000000000000000000000000000000000000000000000000000000000000000000000000000000000000000000000000000000000000000000000000000001111111111111111111111111111111111111111111111111111111111111111,Empty,RyuJit,Default,X64,8c5e7fda-e8bf-4a96-9a85-a6e23a8c635c,.NET 10.0,False,True,False,True,Default,Default,False,False,False,Default,Default,Default,Default,Default,InProcessEmitToolchain,Default,Default,5,100ms,1,Default,Default,Default,Default,Default,Default,16,3,RemoveChar,512,Mixed,224.90 ns,38.079 ns,9.889 ns,1.18,0.07,0.0478,832 B,1.00
Current,Job-XWXFEH,False,Default,Default,Default,Default,Default,Default,000000000000000000000000000000000000000000000000000000000000000000000000000000000000000000000000000000000000000000000000000000001111111111111111111111111111111111111111111111111111111111111111,Empty,RyuJit,Default,X64,8c5e7fda-e8bf-4a96-9a85-a6e23a8c635c,.NET 10.0,False,True,False,True,Default,Default,False,False,False,Default,Default,Default,Default,Default,InProcessEmitToolchain,Default,Default,5,100ms,1,Default,Default,Default,Default,Default,Default,16,3,RemoveChar,4096,Mixed,"1,357.07 ns",69.618 ns,18.080 ns,1.00,0.02,0.3785,6496 B,1.00
Builder,Job-XWXFEH,False,Default,Default,Default,Default,Default,Default,000000000000000000000000000000000000000000000000000000000000000000000000000000000000000000000000000000000000000000000000000000001111111111111111111111111111111111111111111111111111111111111111,Empty,RyuJit,Default,X64,8c5e7fda-e8bf-4a96-9a85-a6e23a8c635c,.NET 10.0,False,True,False,True,Default,Default,False,False,False,Default,Default,Default,Default,Default,InProcessEmitToolchain,Default,Default,5,100ms,1,Default,Default,Default,Default,Default,Default,16,3,RemoveChar,4096,Mixed,"1,601.91 ns",113.638 ns,29.511 ns,1.18,0.02,0.3802,6496 B,1.00
Buffer,Job-XWXFEH,False,Default,Default,Default,Default,Default,Default,000000000000000000000000000000000000000000000000000000000000000000000000000000000000000000000000000000000000000000000000000000001111111111111111111111111111111111111111111111111111111111111111,Empty,RyuJit,Default,X64,8c5e7fda-e8bf-4a96-9a85-a6e23a8c635c,.NET 10.0,False,True,False,True,Default,Default,False,False,False,Default,Default,Default,Default,Default,InProcessEmitToolchain,Default,Default,5,100ms,1,Default,Default,Default,Default,Default,Default,16,3,RemoveChar,4096,Mixed,"1,691.83 ns",72.559 ns,18.843 ns,1.25,0.02,0.3775,6496 B,1.00
BuilderSpan,Job-XWXFEH,False,Default,Default,Default,Default,Default,Default,000000000000000000000000000000000000000000000000000000000000000000000000000000000000000000000000000000000000000000000000000000001111111111111111111111111111111111111111111111111111111111111111,Empty,RyuJit,Default,X64,8c5e7fda-e8bf-4a96-9a85-a6e23a8c635c,.NET 10.0,False,True,False,True,Default,Default,False,False,False,Default,Default,Default,Default,Default,InProcessEmitToolchain,Default,Default,5,100ms,1,Default,Default,Default,Default,Default,Default,16,3,RemoveChar,4096,Mixed,"1,541.89 ns",252.174 ns,65.489 ns,1.14,0.05,0.3836,6496 B,1.00
Current,Job-XWXFEH,False,Default,Default,Default,Default,Default,Default,000000000000000000000000000000000000000000000000000000000000000000000000000000000000000000000000000000000000000000000000000000001111111111111111111111111111111111111111111111111111111111111111,Empty,RyuJit,Default,X64,8c5e7fda-e8bf-4a96-9a85-a6e23a8c635c,.NET 10.0,False,True,False,True,Default,Default,False,False,False,Default,Default,Default,Default,Default,InProcessEmitToolchain,Default,Default,5,100ms,1,Default,Default,Default,Default,Default,Default,16,3,Scriban,32,Mixed,66.87 ns,14.877 ns,3.864 ns,1.00,0.07,0.0041,72 B,1.00
Builder,Job-XWXFEH,False,Default,Default,Default,Default,Default,Default,000000000000000000000000000000000000000000000000000000000000000000000000000000000000000000000000000000000000000000000000000000001111111111111111111111111111111111111111111111111111111111111111,Empty,RyuJit,Default,X64,8c5e7fda-e8bf-4a96-9a85-a6e23a8c635c,.NET 10.0,False,True,False,True,Default,Default,False,False,False,Default,Default,Default,Default,Default,InProcessEmitToolchain,Default,Default,5,100ms,1,Default,Default,Default,Default,Default,Default,16,3,Scriban,32,Mixed,46.92 ns,4.655 ns,1.209 ns,0.70,0.04,0.0043,72 B,1.00
Buffer,Job-XWXFEH,False,Default,Default,Default,Default,Default,Default,000000000000000000000000000000000000000000000000000000000000000000000000000000000000000000000000000000000000000000000000000000001111111111111111111111111111111111111111111111111111111111111111,Empty,RyuJit,Default,X64,8c5e7fda-e8bf-4a96-9a85-a6e23a8c635c,.NET 10.0,False,True,False,True,Default,Default,False,False,False,Default,Default,Default,Default,Default,InProcessEmitToolchain,Default,Default,5,100ms,1,Default,Default,Default,Default,Default,Default,16,3,Scriban,32,Mixed,43.94 ns,4.584 ns,1.190 ns,0.66,0.04,0.0041,72 B,1.00
BuilderSpan,Job-XWXFEH,False,Default,Default,Default,Default,Default,Default,000000000000000000000000000000000000000000000000000000000000000000000000000000000000000000000000000000000000000000000000000000001111111111111111111111111111111111111111111111111111111111111111,Empty,RyuJit,Default,X64,8c5e7fda-e8bf-4a96-9a85-a6e23a8c635c,.NET 10.0,False,True,False,True,Default,Default,False,False,False,Default,Default,Default,Default,Default,InProcessEmitToolchain,Default,Default,5,100ms,1,Default,Default,Default,Default,Default,Default,16,3,Scriban,32,Mixed,47.90 ns,2.794 ns,0.725 ns,0.72,0.04,0.0039,72 B,1.00
Current,Job-XWXFEH,False,Default,Default,Default,Default,Default,Default,000000000000000000000000000000000000000000000000000000000000000000000000000000000000000000000000000000000000000000000000000000001111111111111111111111111111111111111111111111111111111111111111,Empty,RyuJit,Default,X64,8c5e7fda-e8bf-4a96-9a85-a6e23a8c635c,.NET 10.0,False,True,False,True,Default,Default,False,False,False,Default,Default,Default,Default,Default,InProcessEmitToolchain,Default,Default,5,100ms,1,Default,Default,Default,Default,Default,Default,16,3,Scriban,512,Mixed,983.54 ns,89.173 ns,13.800 ns,1.00,0.02,0.0508,896 B,1.00
Builder,Job-XWXFEH,False,Default,Default,Default,Default,Default,Default,000000000000000000000000000000000000000000000000000000000000000000000000000000000000000000000000000000000000000000000000000000001111111111111111111111111111111111111111111111111111111111111111,Empty,RyuJit,Default,X64,8c5e7fda-e8bf-4a96-9a85-a6e23a8c635c,.NET 10.0,False,True,False,True,Default,Default,False,False,False,Default,Default,Default,Default,Default,InProcessEmitToolchain,Default,Default,5,100ms,1,Default,Default,Default,Default,Default,Default,16,3,Scriban,512,Mixed,645.50 ns,74.789 ns,19.423 ns,0.66,0.02,0.0505,896 B,1.00
Buffer,Job-XWXFEH,False,Default,Default,Default,Default,Default,Default,000000000000000000000000000000000000000000000000000000000000000000000000000000000000000000000000000000000000000000000000000000001111111111111111111111111111111111111111111111111111111111111111,Empty,RyuJit,Default,X64,8c5e7fda-e8bf-4a96-9a85-a6e23a8c635c,.NET 10.0,False,True,False,True,Default,Default,False,False,False,Default,Default,Default,Default,Default,InProcessEmitToolchain,Default,Default,5,100ms,1,Default,Default,Default,Default,Default,Default,16,3,Scriban,512,Mixed,546.97 ns,41.900 ns,10.881 ns,0.56,0.01,0.0515,896 B,1.00
BuilderSpan,Job-XWXFEH,False,Default,Default,Default,Default,Default,Default,000000000000000000000000000000000000000000000000000000000000000000000000000000000000000000000000000000000000000000000000000000001111111111111111111111111111111111111111111111111111111111111111,Empty,RyuJit,Default,X64,8c5e7fda-e8bf-4a96-9a85-a6e23a8c635c,.NET 10.0,False,True,False,True,Default,Default,False,False,False,Default,Default,Default,Default,Default,InProcessEmitToolchain,Default,Default,5,100ms,1,Default,Default,Default,Default,Default,Default,16,3,Scriban,512,Mixed,664.42 ns,18.019 ns,4.680 ns,0.68,0.01,0.0475,896 B,1.00
Current,Job-XWXFEH,False,Default,Default,Default,Default,Default,Default,000000000000000000000000000000000000000000000000000000000000000000000000000000000000000000000000000000000000000000000000000000001111111111111111111111111111111111111111111111111111111111111111,Empty,RyuJit,Default,X64,8c5e7fda-e8bf-4a96-9a85-a6e23a8c635c,.NET 10.0,False,True,False,True,Default,Default,False,False,False,Default,Default,Default,Default,Default,InProcessEmitToolchain,Default,Default,5,100ms,1,Default,Default,Default,Default,Default,Default,16,3,Scriban,4096,Mixed,"7,622.36 ns","1,181.816 ns",306.914 ns,1.00,0.05,0.3734,7000 B,1.00
Builder,Job-XWXFEH,False,Default,Default,Default,Default,Default,Default,000000000000000000000000000000000000000000000000000000000000000000000000000000000000000000000000000000000000000000000000000000001111111111111111111111111111111111111111111111111111111111111111,Empty,RyuJit,Default,X64,8c5e7fda-e8bf-4a96-9a85-a6e23a8c635c,.NET 10.0,False,True,False,True,Default,Default,False,False,False,Default,Default,Default,Default,Default,InProcessEmitToolchain,Default,Default,5,100ms,1,Default,Default,Default,Default,Default,Default,16,3,Scriban,4096,Mixed,"5,137.38 ns",485.895 ns,75.193 ns,0.67,0.03,0.3990,7000 B,1.00
Buffer,Job-XWXFEH,False,Default,Default,Default,Default,Default,Default,000000000000000000000000000000000000000000000000000000000000000000000000000000000000000000000000000000000000000000000000000000001111111111111111111111111111111111111111111111111111111111111111,Empty,RyuJit,Default,X64,8c5e7fda-e8bf-4a96-9a85-a6e23a8c635c,.NET 10.0,False,True,False,True,Default,Default,False,False,False,Default,Default,Default,Default,Default,InProcessEmitToolchain,Default,Default,5,100ms,1,Default,Default,Default,Default,Default,Default,16,3,Scriban,4096,Mixed,"4,399.72 ns",101.392 ns,15.691 ns,0.58,0.02,0.3934,7000 B,1.00
BuilderSpan,Job-XWXFEH,False,Default,Default,Default,Default,Default,Default,000000000000000000000000000000000000000000000000000000000000000000000000000000000000000000000000000000000000000000000000000000001111111111111111111111111111111111111111111111111111111111111111,Empty,RyuJit,Default,X64,8c5e7fda-e8bf-4a96-9a85-a6e23a8c635c,.NET 10.0,False,True,False,True,Default,Default,False,False,False,Default,Default,Default,Default,Default,InProcessEmitToolchain,Default,Default,5,100ms,1,Default,Default,Default,Default,Default,Default,16,3,Scriban,4096,Mixed,"4,956.82 ns",535.021 ns,138.943 ns,0.65,0.03,0.3990,7000 B,1.00
Current,Job-XWXFEH,False,Default,Default,Default,Default,Default,Default,000000000000000000000000000000000000000000000000000000000000000000000000000000000000000000000000000000000000000000000000000000001111111111111111111111111111111111111111111111111111111111111111,Empty,RyuJit,Default,X64,8c5e7fda-e8bf-4a96-9a85-a6e23a8c635c,.NET 10.0,False,True,False,True,Default,Default,False,False,False,Default,Default,Default,Default,Default,InProcessEmitToolchain,Default,Default,5,100ms,1,Default,Default,Default,Default,Default,Default,16,3,Slug,32,Mixed,36.79 ns,3.082 ns,0.800 ns,1.00,0.03,0.0047,80 B,1.00
Builder,Job-XWXFEH,False,Default,Default,Default,Default,Default,Default,000000000000000000000000000000000000000000000000000000000000000000000000000000000000000000000000000000000000000000000000000000001111111111111111111111111111111111111111111111111111111111111111,Empty,RyuJit,Default,X64,8c5e7fda-e8bf-4a96-9a85-a6e23a8c635c,.NET 10.0,False,True,False,True,Default,Default,False,False,False,Default,Default,Default,Default,Default,InProcessEmitToolchain,Default,Default,5,100ms,1,Default,Default,Default,Default,Default,Default,16,3,Slug,32,Mixed,40.11 ns,3.137 ns,0.815 ns,1.09,0.03,0.0046,80 B,1.00
Buffer,Job-XWXFEH,False,Default,Default,Default,Default,Default,Default,000000000000000000000000000000000000000000000000000000000000000000000000000000000000000000000000000000000000000000000000000000001111111111111111111111111111111111111111111111111111111111111111,Empty,RyuJit,Default,X64,8c5e7fda-e8bf-4a96-9a85-a6e23a8c635c,.NET 10.0,False,True,False,True,Default,Default,False,False,False,Default,Default,Default,Default,Default,InProcessEmitToolchain,Default,Default,5,100ms,1,Default,Default,Default,Default,Default,Default,16,3,Slug,32,Mixed,40.21 ns,1.713 ns,0.445 ns,1.09,0.02,0.0045,80 B,1.00
BuilderSpan,Job-XWXFEH,False,Default,Default,Default,Default,Default,Default,000000000000000000000000000000000000000000000000000000000000000000000000000000000000000000000000000000000000000000000000000000001111111111111111111111111111111111111111111111111111111111111111,Empty,RyuJit,Default,X64,8c5e7fda-e8bf-4a96-9a85-a6e23a8c635c,.NET 10.0,False,True,False,True,Default,Default,False,False,False,Default,Default,Default,Default,Default,InProcessEmitToolchain,Default,Default,5,100ms,1,Default,Default,Default,Default,Default,Default,16,3,Slug,32,Mixed,41.36 ns,3.629 ns,0.942 ns,1.12,0.03,0.0048,80 B,1.00
Current,Job-XWXFEH,False,Default,Default,Default,Default,Default,Default,000000000000000000000000000000000000000000000000000000000000000000000000000000000000000000000000000000000000000000000000000000001111111111111111111111111111111111111111111111111111111111111111,Empty,RyuJit,Default,X64,8c5e7fda-e8bf-4a96-9a85-a6e23a8c635c,.NET 10.0,False,True,False,True,Default,Default,False,False,False,Default,Default,Default,Default,Default,InProcessEmitToolchain,Default,Default,5,100ms,1,Default,Default,Default,Default,Default,Default,16,3,Slug,512,Mixed,469.03 ns,51.263 ns,13.313 ns,1.00,0.04,0.0510,896 B,1.00
Builder,Job-XWXFEH,False,Default,Default,Default,Default,Default,Default,000000000000000000000000000000000000000000000000000000000000000000000000000000000000000000000000000000000000000000000000000000001111111111111111111111111111111111111111111111111111111111111111,Empty,RyuJit,Default,X64,8c5e7fda-e8bf-4a96-9a85-a6e23a8c635c,.NET 10.0,False,True,False,True,Default,Default,False,False,False,Default,Default,Default,Default,Default,InProcessEmitToolchain,Default,Default,5,100ms,1,Default,Default,Default,Default,Default,Default,16,3,Slug,512,Mixed,527.22 ns,38.743 ns,5.996 ns,1.12,0.03,0.0490,896 B,1.00
Buffer,Job-XWXFEH,False,Default,Default,Default,Default,Default,Default,000000000000000000000000000000000000000000000000000000000000000000000000000000000000000000000000000000000000000000000000000000001111111111111111111111111111111111111111111111111111111111111111,Empty,RyuJit,Default,X64,8c5e7fda-e8bf-4a96-9a85-a6e23a8c635c,.NET 10.0,False,True,False,True,Default,Default,False,False,False,Default,Default,Default,Default,Default,InProcessEmitToolchain,Default,Default,5,100ms,1,Default,Default,Default,Default,Default,Default,16,3,Slug,512,Mixed,485.94 ns,9.642 ns,2.504 ns,1.04,0.03,0.0526,896 B,1.00
BuilderSpan,Job-XWXFEH,False,Default,Default,Default,Default,Default,Default,000000000000000000000000000000000000000000000000000000000000000000000000000000000000000000000000000000000000000000000000000000001111111111111111111111111111111111111111111111111111111111111111,Empty,RyuJit,Default,X64,8c5e7fda-e8bf-4a96-9a85-a6e23a8c635c,.NET 10.0,False,True,False,True,Default,Default,False,False,False,Default,Default,Default,Default,Default,InProcessEmitToolchain,Default,Default,5,100ms,1,Default,Default,Default,Default,Default,Default,16,3,Slug,512,Mixed,543.37 ns,64.684 ns,10.010 ns,1.16,0.04,0.0500,896 B,1.00
Current,Job-XWXFEH,False,Default,Default,Default,Default,Default,Default,000000000000000000000000000000000000000000000000000000000000000000000000000000000000000000000000000000000000000000000000000000001111111111111111111111111111111111111111111111111111111111111111,Empty,RyuJit,Default,X64,8c5e7fda-e8bf-4a96-9a85-a6e23a8c635c,.NET 10.0,False,True,False,True,Default,Default,False,False,False,Default,Default,Default,Default,Default,InProcessEmitToolchain,Default,Default,5,100ms,1,Default,Default,Default,Default,Default,Default,16,3,Slug,4096,Mixed,"3,482.18 ns",260.186 ns,67.570 ns,1.00,0.03,0.3966,7000 B,1.00
Builder,Job-XWXFEH,False,Default,Default,Default,Default,Default,Default,000000000000000000000000000000000000000000000000000000000000000000000000000000000000000000000000000000000000000000000000000000001111111111111111111111111111111111111111111111111111111111111111,Empty,RyuJit,Default,X64,8c5e7fda-e8bf-4a96-9a85-a6e23a8c635c,.NET 10.0,False,True,False,True,Default,Default,False,False,False,Default,Default,Default,Default,Default,InProcessEmitToolchain,Default,Default,5,100ms,1,Default,Default,Default,Default,Default,Default,16,3,Slug,4096,Mixed,"3,977.15 ns",661.948 ns,171.906 ns,1.14,0.05,0.4177,7000 B,1.00
Buffer,Job-XWXFEH,False,Default,Default,Default,Default,Default,Default,000000000000000000000000000000000000000000000000000000000000000000000000000000000000000000000000000000000000000000000000000000001111111111111111111111111111111111111111111111111111111111111111,Empty,RyuJit,Default,X64,8c5e7fda-e8bf-4a96-9a85-a6e23a8c635c,.NET 10.0,False,True,False,True,Default,Default,False,False,False,Default,Default,Default,Default,Default,InProcessEmitToolchain,Default,Default,5,100ms,1,Default,Default,Default,Default,Default,Default,16,3,Slug,4096,Mixed,"3,477.87 ns",372.555 ns,96.751 ns,1.00,0.03,0.4139,7000 B,1.00
BuilderSpan,Job-XWXFEH,False,Default,Default,Default,Default,Default,Default,000000000000000000000000000000000000000000000000000000000000000000000000000000000000000000000000000000000000000000000000000000001111111111111111111111111111111111111111111111111111111111111111,Empty,RyuJit,Default,X64,8c5e7fda-e8bf-4a96-9a85-a6e23a8c635c,.NET 10.0,False,True,False,True,Default,Default,False,False,False,Default,Default,Default,Default,Default,InProcessEmitToolchain,Default,Default,5,100ms,1,Default,Default,Default,Default,Default,Default,16,3,Slug,4096,Mixed,"4,054.38 ns",230.049 ns,59.743 ns,1.16,0.03,0.3916,7000 B,1.00
Current,Job-XWXFEH,False,Default,Default,Default,Default,Default,Default,000000000000000000000000000000000000000000000000000000000000000000000000000000000000000000000000000000000000000000000000000000001111111111111111111111111111111111111111111111111111111111111111,Empty,RyuJit,Default,X64,8c5e7fda-e8bf-4a96-9a85-a6e23a8c635c,.NET 10.0,False,True,False,True,Default,Default,False,False,False,Default,Default,Default,Default,Default,InProcessEmitToolchain,Default,Default,5,100ms,1,Default,Default,Default,Default,Default,Default,16,3,Tel,32,Mixed,32.62 ns,1.650 ns,0.255 ns,1.00,0.01,0.0042,72 B,1.00
Builder,Job-XWXFEH,False,Default,Default,Default,Default,Default,Default,000000000000000000000000000000000000000000000000000000000000000000000000000000000000000000000000000000000000000000000000000000001111111111111111111111111111111111111111111111111111111111111111,Empty,RyuJit,Default,X64,8c5e7fda-e8bf-4a96-9a85-a6e23a8c635c,.NET 10.0,False,True,False,True,Default,Default,False,False,False,Default,Default,Default,Default,Default,InProcessEmitToolchain,Default,Default,5,100ms,1,Default,Default,Default,Default,Default,Default,16,3,Tel,32,Mixed,25.88 ns,1.758 ns,0.457 ns,0.79,0.01,0.0043,72 B,1.00
Buffer,Job-XWXFEH,False,Default,Default,Default,Default,Default,Default,000000000000000000000000000000000000000000000000000000000000000000000000000000000000000000000000000000000000000000000000000000001111111111111111111111111111111111111111111111111111111111111111,Empty,RyuJit,Default,X64,8c5e7fda-e8bf-4a96-9a85-a6e23a8c635c,.NET 10.0,False,True,False,True,Default,Default,False,False,False,Default,Default,Default,Default,Default,InProcessEmitToolchain,Default,Default,5,100ms,1,Default,Default,Default,Default,Default,Default,16,3,Tel,32,Mixed,39.01 ns,3.038 ns,0.789 ns,1.20,0.02,0.0043,72 B,1.00
BuilderSpan,Job-XWXFEH,False,Default,Default,Default,Default,Default,Default,000000000000000000000000000000000000000000000000000000000000000000000000000000000000000000000000000000000000000000000000000000001111111111111111111111111111111111111111111111111111111111111111,Empty,RyuJit,Default,X64,8c5e7fda-e8bf-4a96-9a85-a6e23a8c635c,.NET 10.0,False,True,False,True,Default,Default,False,False,False,Default,Default,Default,Default,Default,InProcessEmitToolchain,Default,Default,5,100ms,1,Default,Default,Default,Default,Default,Default,16,3,Tel,32,Mixed,28.00 ns,2.468 ns,0.641 ns,0.86,0.02,0.0043,72 B,1.00
Current,Job-XWXFEH,False,Default,Default,Default,Default,Default,Default,000000000000000000000000000000000000000000000000000000000000000000000000000000000000000000000000000000000000000000000000000000001111111111111111111111111111111111111111111111111111111111111111,Empty,RyuJit,Default,X64,8c5e7fda-e8bf-4a96-9a85-a6e23a8c635c,.NET 10.0,False,True,False,True,Default,Default,False,False,False,Default,Default,Default,Default,Default,InProcessEmitToolchain,Default,Default,5,100ms,1,Default,Default,Default,Default,Default,Default,16,3,Tel,512,Mixed,348.79 ns,14.506 ns,3.767 ns,1.00,0.01,0.0351,632 B,1.00
Builder,Job-XWXFEH,False,Default,Default,Default,Default,Default,Default,000000000000000000000000000000000000000000000000000000000000000000000000000000000000000000000000000000000000000000000000000000001111111111111111111111111111111111111111111111111111111111111111,Empty,RyuJit,Default,X64,8c5e7fda-e8bf-4a96-9a85-a6e23a8c635c,.NET 10.0,False,True,False,True,Default,Default,False,False,False,Default,Default,Default,Default,Default,InProcessEmitToolchain,Default,Default,5,100ms,1,Default,Default,Default,Default,Default,Default,16,3,Tel,512,Mixed,246.23 ns,11.877 ns,3.085 ns,0.71,0.01,0.0366,632 B,1.00
Buffer,Job-XWXFEH,False,Default,Default,Default,Default,Default,Default,000000000000000000000000000000000000000000000000000000000000000000000000000000000000000000000000000000000000000000000000000000001111111111111111111111111111111111111111111111111111111111111111,Empty,RyuJit,Default,X64,8c5e7fda-e8bf-4a96-9a85-a6e23a8c635c,.NET 10.0,False,True,False,True,Default,Default,False,False,False,Default,Default,Default,Default,Default,InProcessEmitToolchain,Default,Default,5,100ms,1,Default,Default,Default,Default,Default,Default,16,3,Tel,512,Mixed,361.91 ns,25.754 ns,3.985 ns,1.04,0.01,0.0362,632 B,1.00
BuilderSpan,Job-XWXFEH,False,Default,Default,Default,Default,Default,Default,000000000000000000000000000000000000000000000000000000000000000000000000000000000000000000000000000000000000000000000000000000001111111111111111111111111111111111111111111111111111111111111111,Empty,RyuJit,Default,X64,8c5e7fda-e8bf-4a96-9a85-a6e23a8c635c,.NET 10.0,False,True,False,True,Default,Default,False,False,False,Default,Default,Default,Default,Default,InProcessEmitToolchain,Default,Default,5,100ms,1,Default,Default,Default,Default,Default,Default,16,3,Tel,512,Mixed,325.01 ns,255.995 ns,66.481 ns,0.93,0.17,0.0376,632 B,1.00
Current,Job-XWXFEH,False,Default,Default,Default,Default,Default,Default,000000000000000000000000000000000000000000000000000000000000000000000000000000000000000000000000000000000000000000000000000000001111111111111111111111111111111111111111111111111111111111111111,Empty,RyuJit,Default,X64,8c5e7fda-e8bf-4a96-9a85-a6e23a8c635c,.NET 10.0,False,True,False,True,Default,Default,False,False,False,Default,Default,Default,Default,Default,InProcessEmitToolchain,Default,Default,5,100ms,1,Default,Default,Default,Default,Default,Default,16,3,Tel,4096,Mixed,"2,914.35 ns",536.013 ns,139.201 ns,1.00,0.06,0.2778,4784 B,1.00
Builder,Job-XWXFEH,False,Default,Default,Default,Default,Default,Default,000000000000000000000000000000000000000000000000000000000000000000000000000000000000000000000000000000000000000000000000000000001111111111111111111111111111111111111111111111111111111111111111,Empty,RyuJit,Default,X64,8c5e7fda-e8bf-4a96-9a85-a6e23a8c635c,.NET 10.0,False,True,False,True,Default,Default,False,False,False,Default,Default,Default,Default,Default,InProcessEmitToolchain,Default,Default,5,100ms,1,Default,Default,Default,Default,Default,Default,16,3,Tel,4096,Mixed,"1,736.11 ns",330.946 ns,85.946 ns,0.60,0.04,0.2711,4784 B,1.00
Buffer,Job-XWXFEH,False,Default,Default,Default,Default,Default,Default,000000000000000000000000000000000000000000000000000000000000000000000000000000000000000000000000000000000000000000000000000000001111111111111111111111111111111111111111111111111111111111111111,Empty,RyuJit,Default,X64,8c5e7fda-e8bf-4a96-9a85-a6e23a8c635c,.NET 10.0,False,True,False,True,Default,Default,False,False,False,Default,Default,Default,Default,Default,InProcessEmitToolchain,Default,Default,5,100ms,1,Default,Default,Default,Default,Default,Default,16,3,Tel,4096,Mixed,"2,808.31 ns",571.274 ns,88.405 ns,0.97,0.05,0.2850,4784 B,1.00
BuilderSpan,Job-XWXFEH,False,Default,Default,Default,Default,Default,Default,000000000000000000000000000000000000000000000000000000000000000000000000000000000000000000000000000000000000000000000000000000001111111111111111111111111111111111111111111111111111111111111111,Empty,RyuJit,Default,X64,8c5e7fda-e8bf-4a96-9a85-a6e23a8c635c,.NET 10.0,False,True,False,True,Default,Default,False,False,False,Default,Default,Default,Default,Default,InProcessEmitToolchain,Default,Default,5,100ms,1,Default,Default,Default,Default,Default,Default,16,3,Tel,4096,Mixed,"1,771.74 ns",154.681 ns,40.170 ns,0.61,0.03,0.2756,4784 B,1.00
Current,Job-XWXFEH,False,Default,Default,Default,Default,Default,Default,000000000000000000000000000000000000000000000000000000000000000000000000000000000000000000000000000000000000000000000000000000001111111111111111111111111111111111111111111111111111111111111111,Empty,RyuJit,Default,X64,8c5e7fda-e8bf-4a96-9a85-a6e23a8c635c,.NET 10.0,False,True,False,True,Default,Default,False,False,False,Default,Default,Default,Default,Default,InProcessEmitToolchain,Default,Default,5,100ms,1,Default,Default,Default,Default,Default,Default,16,3,Whitespace,32,Mixed,37.93 ns,8.932 ns,2.319 ns,1.00,0.08,0.0046,80 B,1.00
Builder,Job-XWXFEH,False,Default,Default,Default,Default,Default,Default,000000000000000000000000000000000000000000000000000000000000000000000000000000000000000000000000000000000000000000000000000000001111111111111111111111111111111111111111111111111111111111111111,Empty,RyuJit,Default,X64,8c5e7fda-e8bf-4a96-9a85-a6e23a8c635c,.NET 10.0,False,True,False,True,Default,Default,False,False,False,Default,Default,Default,Default,Default,InProcessEmitToolchain,Default,Default,5,100ms,1,Default,Default,Default,Default,Default,Default,16,3,Whitespace,32,Mixed,30.83 ns,6.021 ns,0.932 ns,0.82,0.05,0.0047,80 B,1.00
Buffer,Job-XWXFEH,False,Default,Default,Default,Default,Default,Default,000000000000000000000000000000000000000000000000000000000000000000000000000000000000000000000000000000000000000000000000000000001111111111111111111111111111111111111111111111111111111111111111,Empty,RyuJit,Default,X64,8c5e7fda-e8bf-4a96-9a85-a6e23a8c635c,.NET 10.0,False,True,False,True,Default,Default,False,False,False,Default,Default,Default,Default,Default,InProcessEmitToolchain,Default,Default,5,100ms,1,Default,Default,Default,Default,Default,Default,16,3,Whitespace,32,Mixed,32.54 ns,4.113 ns,1.068 ns,0.86,0.05,0.0046,80 B,1.00
BuilderSpan,Job-XWXFEH,False,Default,Default,Default,Default,Default,Default,000000000000000000000000000000000000000000000000000000000000000000000000000000000000000000000000000000000000000000000000000000001111111111111111111111111111111111111111111111111111111111111111,Empty,RyuJit,Default,X64,8c5e7fda-e8bf-4a96-9a85-a6e23a8c635c,.NET 10.0,False,True,False,True,Default,Default,False,False,False,Default,Default,Default,Default,Default,InProcessEmitToolchain,Default,Default,5,100ms,1,Default,Default,Default,Default,Default,Default,16,3,Whitespace,32,Mixed,28.13 ns,1.054 ns,0.163 ns,0.74,0.04,0.0047,80 B,1.00
Current,Job-XWXFEH,False,Default,Default,Default,Default,Default,Default,000000000000000000000000000000000000000000000000000000000000000000000000000000000000000000000000000000000000000000000000000000001111111111111111111111111111111111111111111111111111111111111111,Empty,RyuJit,Default,X64,8c5e7fda-e8bf-4a96-9a85-a6e23a8c635c,.NET 10.0,False,True,False,True,Default,Default,False,False,False,Default,Default,Default,Default,Default,InProcessEmitToolchain,Default,Default,5,100ms,1,Default,Default,Default,Default,Default,Default,16,3,Whitespace,512,Mixed,463.07 ns,93.406 ns,14.455 ns,1.00,0.04,0.0474,824 B,1.00
Builder,Job-XWXFEH,False,Default,Default,Default,Default,Default,Default,000000000000000000000000000000000000000000000000000000000000000000000000000000000000000000000000000000000000000000000000000000001111111111111111111111111111111111111111111111111111111111111111,Empty,RyuJit,Default,X64,8c5e7fda-e8bf-4a96-9a85-a6e23a8c635c,.NET 10.0,False,True,False,True,Default,Default,False,False,False,Default,Default,Default,Default,Default,InProcessEmitToolchain,Default,Default,5,100ms,1,Default,Default,Default,Default,Default,Default,16,3,Whitespace,512,Mixed,316.95 ns,12.416 ns,3.225 ns,0.68,0.02,0.0484,824 B,1.00
Buffer,Job-XWXFEH,False,Default,Default,Default,Default,Default,Default,000000000000000000000000000000000000000000000000000000000000000000000000000000000000000000000000000000000000000000000000000000001111111111111111111111111111111111111111111111111111111111111111,Empty,RyuJit,Default,X64,8c5e7fda-e8bf-4a96-9a85-a6e23a8c635c,.NET 10.0,False,True,False,True,Default,Default,False,False,False,Default,Default,Default,Default,Default,InProcessEmitToolchain,Default,Default,5,100ms,1,Default,Default,Default,Default,Default,Default,16,3,Whitespace,512,Mixed,320.68 ns,21.171 ns,3.276 ns,0.69,0.02,0.0490,824 B,1.00
BuilderSpan,Job-XWXFEH,False,Default,Default,Default,Default,Default,Default,000000000000000000000000000000000000000000000000000000000000000000000000000000000000000000000000000000000000000000000000000000001111111111111111111111111111111111111111111111111111111111111111,Empty,RyuJit,Default,X64,8c5e7fda-e8bf-4a96-9a85-a6e23a8c635c,.NET 10.0,False,True,False,True,Default,Default,False,False,False,Default,Default,Default,Default,Default,InProcessEmitToolchain,Default,Default,5,100ms,1,Default,Default,Default,Default,Default,Default,16,3,Whitespace,512,Mixed,300.01 ns,43.999 ns,6.809 ns,0.65,0.02,0.0464,824 B,1.00
Current,Job-XWXFEH,False,Default,Default,Default,Default,Default,Default,000000000000000000000000000000000000000000000000000000000000000000000000000000000000000000000000000000000000000000000000000000001111111111111111111111111111111111111111111111111111111111111111,Empty,RyuJit,Default,X64,8c5e7fda-e8bf-4a96-9a85-a6e23a8c635c,.NET 10.0,False,True,False,True,Default,Default,False,False,False,Default,Default,Default,Default,Default,InProcessEmitToolchain,Default,Default,5,100ms,1,Default,Default,Default,Default,Default,Default,16,3,Whitespace,4096,Mixed,"3,239.33 ns",152.481 ns,39.599 ns,1.00,0.02,0.3688,6400 B,1.00
Builder,Job-XWXFEH,False,Default,Default,Default,Default,Default,Default,000000000000000000000000000000000000000000000000000000000000000000000000000000000000000000000000000000000000000000000000000000001111111111111111111111111111111111111111111111111111111111111111,Empty,RyuJit,Default,X64,8c5e7fda-e8bf-4a96-9a85-a6e23a8c635c,.NET 10.0,False,True,False,True,Default,Default,False,False,False,Default,Default,Default,Default,Default,InProcessEmitToolchain,Default,Default,5,100ms,1,Default,Default,Default,Default,Default,Default,16,3,Whitespace,4096,Mixed,"2,013.24 ns",234.894 ns,61.001 ns,0.62,0.02,0.3689,6400 B,1.00
Buffer,Job-XWXFEH,False,Default,Default,Default,Default,Default,Default,000000000000000000000000000000000000000000000000000000000000000000000000000000000000000000000000000000000000000000000000000000001111111111111111111111111111111111111111111111111111111111111111,Empty,RyuJit,Default,X64,8c5e7fda-e8bf-4a96-9a85-a6e23a8c635c,.NET 10.0,False,True,False,True,Default,Default,False,False,False,Default,Default,Default,Default,Default,InProcessEmitToolchain,Default,Default,5,100ms,1,Default,Default,Default,Default,Default,Default,16,3,Whitespace,4096,Mixed,"2,335.87 ns",378.265 ns,98.234 ns,0.72,0.03,0.3642,6400 B,1.00
BuilderSpan,Job-XWXFEH,False,Default,Default,Default,Default,Default,Default,000000000000000000000000000000000000000000000000000000000000000000000000000000000000000000000000000000000000000000000000000000001111111111111111111111111111111111111111111111111111111111111111,Empty,RyuJit,Default,X64,8c5e7fda-e8bf-4a96-9a85-a6e23a8c635c,.NET 10.0,False,True,False,True,Default,Default,False,False,False,Default,Default,Default,Default,Default,InProcessEmitToolchain,Default,Default,5,100ms,1,Default,Default,Default,Default,Default,Default,16,3,Whitespace,4096,Mixed,"2,507.25 ns",436.242 ns,113.291 ns,0.77,0.03,0.3786,6400 B,1.00
