Method,Job,AnalyzeLaunchVariance,EvaluateOverhead,MaxAbsoluteError,MaxRelativeError,MinInvokeCount,MinIterationTime,OutlierMode,Affinity,EnvironmentVariables,Jit,LargeAddressAware,Platform,PowerPlanMode,Runtime,AllowVeryLargeObjects,Concurrent,CpuGroups,Force,HeapAffinitizeMask,HeapCount,NoAffinitize,RetainVm,Server,Arguments,BuildConfiguration,Clock,EngineFactory,NuGetReferences,Toolchain,IsMutator,InvocationCount,IterationCount,IterationTime,LaunchCount,MaxIterationCount,MaxWarmupIterationCount,MemoryRandomization,MinIterationCount,MinWarmupIterationCount,RunStrategy,UnrollFactor,WarmupCount,Categories,Length,Mean,Error,StdDev,Ratio,RatioSD,Gen0,Allocated,Alloc Ratio
AlphaOld,Job-XWXFEH,False,Default,Default,Default,Default,Default,Default,000000000000000000000000000000000000000000000000000000000000000000000000000000000000000000000000000000000000000000000000000000001111111111111111111111111111111111111111111111111111111111111111,Empty,RyuJit,Default,X64,8c5e7fda-e8bf-4a96-9a85-a6e23a8c635c,.NET 10.0,False,True,False,True,Default,Default,False,False,False,Default,Default,Default,Default,Default,InProcessEmitToolchain,Default,Default,5,100ms,1,Default,Default,Default,Default,Default,Default,16,3,AlphaNumeric,16,6.539 ns,0.2419 ns,0.0628 ns,1.00,0.01,0.0000,0 B,NA
AlphaNew,Job-XWXFEH,False,Default,Default,Default,Default,Default,Default,000000000000000000000000000000000000000000000000000000000000000000000000000000000000000000000000000000000000000000000000000000001111111111111111111111111111111111111111111111111111111111111111,Empty,RyuJit,Default,X64,8c5e7fda-e8bf-4a96-9a85-a6e23a8c635c,.NET 10.0,False,True,False,True,Default,Default,False,False,False,Default,Default,Default,Default,Default,InProcessEmitToolchain,Default,Default,5,100ms,1,Default,Default,Default,Default,Default,Default,16,3,AlphaNumeric,16,1.008 ns,0.0385 ns,0.0100 ns,0.15,0.00,0.0000,0 B,NA
AlphaOld,Job-XWXFEH,False,Default,Default,Default,Default,Default,Default,000000000000000000000000000000000000000000000000000000000000000000000000000000000000000000000000000000000000000000000000000000001111111111111111111111111111111111111111111111111111111111111111,Empty,RyuJit,Default,X64,8c5e7fda-e8bf-4a96-9a85-a6e23a8c635c,.NET 10.0,False,True,False,True,Default,Default,False,False,False,Default,Default,Default,Default,Default,InProcessEmitToolchain,Default,Default,5,100ms,1,Default,Default,Default,Default,Default,Default,16,3,AlphaNumeric,256,96.569 ns,3.0263 ns,0.4683 ns,1.00,0.01,0.0000,0 B,NA
AlphaNew,Job-XWXFEH,False,Default,Default,Default,Default,Default,Default,000000000000000000000000000000000000000000000000000000000000000000000000000000000000000000000000000000000000000000000000000000001111111111111111111111111111111111111111111111111111111111111111,Empty,RyuJit,Default,X64,8c5e7fda-e8bf-4a96-9a85-a6e23a8c635c,.NET 10.0,False,True,False,True,Default,Default,False,False,False,Default,Default,Default,Default,Default,InProcessEmitToolchain,Default,Default,5,100ms,1,Default,Default,Default,Default,Default,Default,16,3,AlphaNumeric,256,4.481 ns,0.1132 ns,0.0175 ns,0.05,0.00,0.0000,0 B,NA
AlphaOld,Job-XWXFEH,False,Default,Default,Default,Default,Default,Default,000000000000000000000000000000000000000000000000000000000000000000000000000000000000000000000000000000000000000000000000000000001111111111111111111111111111111111111111111111111111111111111111,Empty,RyuJit,Default,X64,8c5e7fda-e8bf-4a96-9a85-a6e23a8c635c,.NET 10.0,False,True,False,True,Default,Default,False,False,False,Default,Default,Default,Default,Default,InProcessEmitToolchain,Default,Default,5,100ms,1,Default,Default,Default,Default,Default,Default,16,3,AlphaNumeric,4096,"1,457.449 ns",177.4618 ns,27.4624 ns,1.00,0.02,0.0000,0 B,NA
AlphaNew,Job-XWXFEH,False,Default,Default,Default,Default,Default,Default,000000000000000000000000000000000000000000000000000000000000000000000000000000000000000000000000000000000000000000000000000000001111111111111111111111111111111111111111111111111111111111111111,Empty,RyuJit,Default,X64,8c5e7fda-e8bf-4a96-9a85-a6e23a8c635c,.NET 10.0,False,True,False,True,Default,Default,False,False,False,Default,Default,Default,Default,Default,InProcessEmitToolchain,Default,Default,5,100ms,1,Default,Default,Default,Default,Default,Default,16,3,AlphaNumeric,4096,67.451 ns,1.0588 ns,0.2750 ns,0.05,0.00,0.0000,0 B,NA
DigitsOld,Job-XWXFEH,False,Default,Default,Default,Default,Default,Default,000000000000000000000000000000000000000000000000000000000000000000000000000000000000000000000000000000000000000000000000000000001111111111111111111111111111111111111111111111111111111111111111,Empty,RyuJit,Default,X64,8c5e7fda-e8bf-4a96-9a85-a6e23a8c635c,.NET 10.0,False,True,False,True,Default,Default,False,False,False,Default,Default,Default,Default,Default,InProcessEmitToolchain,Default,Default,5,100ms,1,Default,Default,Default,Default,Default,Default,16,3,Digits,16,5.050 ns,0.1998 ns,0.0309 ns,1.00,0.01,0.0000,0 B,NA
DigitsNew,Job-XWXFEH,False,Default,Default,Default,Default,Default,Default,000000000000000000000000000000000000000000000000000000000000000000000000000000000000000000000000000000000000000000000000000000001111111111111111111111111111111111111111111111111111111111111111,Empty,RyuJit,Default,X64,8c5e7fda-e8bf-4a96-9a85-a6e23a8c635c,.NET 10.0,False,True,False,True,Default,Default,False,False,False,Default,Default,Default,Default,Default,InProcessEmitToolchain,Default,Default,5,100ms,1,Default,Default,Default,Default,Default,Default,16,3,Digits,16,1.532 ns,0.1496 ns,0.0231 ns,0.30,0.00,0.0000,0 B,NA
DigitsOld,Job-XWXFEH,False,Default,Default,Default,Default,Default,Default,000000000000000000000000000000000000000000000000000000000000000000000000000000000000000000000000000000000000000000000000000000001111111111111111111111111111111111111111111111111111111111111111,Empty,RyuJit,Default,X64,8c5e7fda-e8bf-4a96-9a85-a6e23a8c635c,.NET 10.0,False,True,False,True,Default,Default,False,False,False,Default,Default,Default,Default,Default,InProcessEmitToolchain,Default,Default,5,100ms,1,Default,Default,Default,Default,Default,Default,16,3,Digits,256,70.850 ns,8.5881 ns,1.3290 ns,1.00,0.02,0.0000,0 B,NA
DigitsNew,Job-XWXFEH,False,Default,Default,Default,Default,Default,Default,000000000000000000000000000000000000000000000000000000000000000000000000000000000000000000000000000000000000000000000000000000001111111111111111111111111111111111111111111111111111111111111111,Empty,RyuJit,Default,X64,8c5e7fda-e8bf-4a96-9a85-a6e23a8c635c,.NET 10.0,False,True,False,True,Default,Default,False,False,False,Default,Default,Default,Default,Default,InProcessEmitToolchain,Default,Default,5,100ms,1,Default,Default,Default,Default,Default,Default,16,3,Digits,256,2.703 ns,0.1058 ns,0.0275 ns,0.04,0.00,0.0000,0 B,NA
DigitsOld,Job-XWXFEH,False,Default,Default,Default,Default,Default,Default,000000000000000000000000000000000000000000000000000000000000000000000000000000000000000000000000000000000000000000000000000000001111111111111111111111111111111111111111111111111111111111111111,Empty,RyuJit,Default,X64,8c5e7fda-e8bf-4a96-9a85-a6e23a8c635c,.NET 10.0,False,True,False,True,Default,Default,False,False,False,Default,Default,Default,Default,Default,InProcessEmitToolchain,Default,Default,5,100ms,1,Default,Default,Default,Default,Default,Default,16,3,Digits,4096,971.052 ns,97.7468 ns,25.3845 ns,1.00,0.03,0.0000,0 B,NA
DigitsNew,Job-XWXFEH,False,Default,Default,Default,Default,Default,Default,000000000000000000000000000000000000000000000000000000000000000000000000000000000000000000000000000000000000000000000000000000001111111111111111111111111111111111111111111111111111111111111111,Empty,RyuJit,Default,X64,8c5e7fda-e8bf-4a96-9a85-a6e23a8c635c,.NET 10.0,False,True,False,True,Default,Default,False,False,False,Default,Default,Default,Default,Default,InProcessEmitToolchain,Default,Default,5,100ms,1,Default,Default,Default,Default,Default,Default,16,3,Digits,4096,28.720 ns,1.1976 ns,0.3110 ns,0.03,0.00,0.0000,0 B,NA
UriOld,Job-XWXFEH,False,Default,Default,Default,Default,Default,Default,000000000000000000000000000000000000000000000000000000000000000000000000000000000000000000000000000000000000000000000000000000001111111111111111111111111111111111111111111111111111111111111111,Empty,RyuJit,Default,X64,8c5e7fda-e8bf-4a96-9a85-a6e23a8c635c,.NET 10.0,False,True,False,True,Default,Default,False,False,False,Default,Default,Default,Default,Default,InProcessEmitToolchain,Default,Default,5,100ms,1,Default,Default,Default,Default,Default,Default,16,3,HttpLike,16,14.227 ns,0.3432 ns,0.0891 ns,1.00,0.01,0.0000,0 B,NA
UriNew,Job-XWXFEH,False,Default,Default,Default,Default,Default,Default,000000000000000000000000000000000000000000000000000000000000000000000000000000000000000000000000000000000000000000000000000000001111111111111111111111111111111111111111111111111111111111111111,Empty,RyuJit,Default,X64,8c5e7fda-e8bf-4a96-9a85-a6e23a8c635c,.NET 10.0,False,True,False,True,Default,Default,False,False,False,Default,Default,Default,Default,Default,InProcessEmitToolchain,Default,Default,5,100ms,1,Default,Default,Default,Default,Default,Default,16,3,HttpLike,16,1.769 ns,0.0811 ns,0.0211 ns,0.12,0.00,0.0000,0 B,NA
UriOld,Job-XWXFEH,False,Default,Default,Default,Default,Default,Default,000000000000000000000000000000000000000000000000000000000000000000000000000000000000000000000000000000000000000000000000000000001111111111111111111111111111111111111111111111111111111111111111,Empty,RyuJit,Default,X64,8c5e7fda-e8bf-4a96-9a85-a6e23a8c635c,.NET 10.0,False,True,False,True,Default,Default,False,False,False,Default,Default,Default,Default,Default,InProcessEmitToolchain,Default,Default,5,100ms,1,Default,Default,Default,Default,Default,Default,16,3,HttpLike,256,108.290 ns,3.6739 ns,0.9541 ns,1.00,0.01,0.0000,0 B,NA
UriNew,Job-XWXFEH,False,Default,Default,Default,Default,Default,Default,000000000000000000000000000000000000000000000000000000000000000000000000000000000000000000000000000000000000000000000000000000001111111111111111111111111111111111111111111111111111111111111111,Empty,RyuJit,Default,X64,8c5e7fda-e8bf-4a96-9a85-a6e23a8c635c,.NET 10.0,False,True,False,True,Default,Default,False,False,False,Default,Default,Default,Default,Default,InProcessEmitToolchain,Default,Default,5,100ms,1,Default,Default,Default,Default,Default,Default,16,3,HttpLike,256,3.651 ns,0.2459 ns,0.0380 ns,0.03,0.00,0.0000,0 B,NA
UriOld,Job-XWXFEH,False,Default,Default,Default,Default,Default,Default,000000000000000000000000000000000000000000000000000000000000000000000000000000000000000000000000000000000000000000000000000000001111111111111111111111111111111111111111111111111111111111111111,Empty,RyuJit,Default,X64,8c5e7fda-e8bf-4a96-9a85-a6e23a8c635c,.NET 10.0,False,True,False,True,Default,Default,False,False,False,Default,Default,Default,Default,Default,InProcessEmitToolchain,Default,Default,5,100ms,1,Default,Default,Default,Default,Default,Default,16,3,HttpLike,4096,"1,551.435 ns",137.3053 ns,35.6577 ns,1.00,0.03,0.0000,0 B,NA
UriNew,Job-XWXFEH,False,Default,Default,Default,Default,Default,Default,000000000000000000000000000000000000000000000000000000000000000000000000000000000000000000000000000000000000000000000000000000001111111111111111111111111111111111111111111111111111111111111111,Empty,RyuJit,Default,X64,8c5e7fda-e8bf-4a96-9a85-a6e23a8c635c,.NET 10.0,False,True,False,True,Default,Default,False,False,False,Default,Default,Default,Default,Default,InProcessEmitToolchain,Default,Default,5,100ms,1,Default,Default,Default,Default,Default,Default,16,3,HttpLike,4096,29.535 ns,0.6447 ns,0.1674 ns,0.02,0.00,0.0000,0 B,NA
SlugOld,Job-XWXFEH,False,Default,Default,Default,Default,Default,Default,000000000000000000000000000000000000000000000000000000000000000000000000000000000000000000000000000000000000000000000000000000001111111111111111111111111111111111111111111111111111111111111111,Empty,RyuJit,Default,X64,8c5e7fda-e8bf-4a96-9a85-a6e23a8c635c,.NET 10.0,False,True,False,True,Default,Default,False,False,False,Default,Default,Default,Default,Default,InProcessEmitToolchain,Default,Default,5,100ms,1,Default,Default,Default,Default,Default,Default,16,3,SlugClean,16,21.255 ns,0.5866 ns,0.1523 ns,1.00,0.01,0.0032,56 B,1.00
SlugNew,Job-XWXFEH,False,Default,Default,Default,Default,Default,Default,000000000000000000000000000000000000000000000000000000000000000000000000000000000000000000000000000000000000000000000000000000001111111111111111111111111111111111111111111111111111111111111111,Empty,RyuJit,Default,X64,8c5e7fda-e8bf-4a96-9a85-a6e23a8c635c,.NET 10.0,False,True,False,True,Default,Default,False,False,False,Default,Default,Default,Default,Default,InProcessEmitToolchain,Default,Default,5,100ms,1,Default,Default,Default,Default,Default,Default,16,3,SlugClean,16,14.492 ns,0.7465 ns,0.1939 ns,0.68,0.01,0.0000,0 B,0.00
SlugOld,Job-XWXFEH,False,Default,Default,Default,Default,Default,Default,000000000000000000000000000000000000000000000000000000000000000000000000000000000000000000000000000000000000000000000000000000001111111111111111111111111111111111111111111111111111111111111111,Empty,RyuJit,Default,X64,8c5e7fda-e8bf-4a96-9a85-a6e23a8c635c,.NET 10.0,False,True,False,True,Default,Default,False,False,False,Default,Default,Default,Default,Default,InProcessEmitToolchain,Default,Default,5,100ms,1,Default,Default,Default,Default,Default,Default,16,3,SlugClean,256,262.043 ns,8.0450 ns,2.0893 ns,1.00,0.01,0.0305,536 B,1.00
SlugNew,Job-XWXFEH,False,Default,Default,Default,Default,Default,Default,000000000000000000000000000000000000000000000000000000000000000000000000000000000000000000000000000000000000000000000000000000001111111111111111111111111111111111111111111111111111111111111111,Empty,RyuJit,Default,X64,8c5e7fda-e8bf-4a96-9a85-a6e23a8c635c,.NET 10.0,False,True,False,True,Default,Default,False,False,False,Default,Default,Default,Default,Default,InProcessEmitToolchain,Default,Default,5,100ms,1,Default,Default,Default,Default,Default,Default,16,3,SlugClean,256,14.006 ns,0.4280 ns,0.1111 ns,0.05,0.00,0.0000,0 B,0.00
SlugOld,Job-XWXFEH,False,Default,Default,Default,Default,Default,Default,000000000000000000000000000000000000000000000000000000000000000000000000000000000000000000000000000000000000000000000000000000001111111111111111111111111111111111111111111111111111111111111111,Empty,RyuJit,Default,X64,8c5e7fda-e8bf-4a96-9a85-a6e23a8c635c,.NET 10.0,False,True,False,True,Default,Default,False,False,False,Default,Default,Default,Default,Default,InProcessEmitToolchain,Default,Default,5,100ms,1,Default,Default,Default,Default,Default,Default,16,3,SlugClean,4096,"3,999.974 ns",453.3354 ns,117.7298 ns,1.00,0.04,0.4836,8216 B,1.00
SlugNew,Job-XWXFEH,False,Default,Default,Default,Default,Default,Default,000000000000000000000000000000000000000000000000000000000000000000000000000000000000000000000000000000000000000000000000000000001111111111111111111111111111111111111111111111111111111111111111,Empty,RyuJit,Default,X64,8c5e7fda-e8bf-4a96-9a85-a6e23a8c635c,.NET 10.0,False,True,False,True,Default,Default,False,False,False,Default,Default,Default,Default,Default,InProcessEmitToolchain,Default,Default,5,100ms,1,Default,Default,Default,Default,Default,Default,16,3,SlugClean,4096,143.654 ns,7.1542 ns,1.8579 ns,0.04,0.00,0.0000,0 B,0.00
DirtySlugOld,Job-XWXFEH,False,Default,Default,Default,Default,Default,Default,000000000000000000000000000000000000000000000000000000000000000000000000000000000000000000000000000000000000000000000000000000001111111111111111111111111111111111111111111111111111111111111111,Empty,RyuJit,Default,X64,8c5e7fda-e8bf-4a96-9a85-a6e23a8c635c,.NET 10.0,False,True,False,True,Default,Default,False,False,False,Default,Default,Default,Default,Default,InProcessEmitToolchain,Default,Default,5,100ms,1,Default,Default,Default,Default,Default,Default,16,3,SlugDirty,16,41.521 ns,2.3077 ns,0.5993 ns,1.00,0.02,0.0045,80 B,1.00
DirtySlugNew,Job-XWXFEH,False,Default,Default,Default,Default,Default,Default,000000000000000000000000000000000000000000000000000000000000000000000000000000000000000000000000000000000000000000000000000000001111111111111111111111111111111111111111111111111111111111111111,Empty,RyuJit,Default,X64,8c5e7fda-e8bf-4a96-9a85-a6e23a8c635c,.NET 10.0,False,True,False,True,Default,Default,False,False,False,Default,Default,Default,Default,Default,InProcessEmitToolchain,Default,Default,5,100ms,1,Default,Default,Default,Default,Default,Default,16,3,SlugDirty,16,33.012 ns,3.1957 ns,0.8299 ns,0.80,0.02,0.0046,80 B,1.00
DirtySlugOld,Job-XWXFEH,False,Default,Default,Default,Default,Default,Default,000000000000000000000000000000000000000000000000000000000000000000000000000000000000000000000000000000000000000000000000000000001111111111111111111111111111111111111111111111111111111111111111,Empty,RyuJit,Default,X64,8c5e7fda-e8bf-4a96-9a85-a6e23a8c635c,.NET 10.0,False,True,False,True,Default,Default,False,False,False,Default,Default,Default,Default,Default,InProcessEmitToolchain,Default,Default,5,100ms,1,Default,Default,Default,Default,Default,Default,16,3,SlugDirty,256,253.684 ns,10.6178 ns,1.6431 ns,1.00,0.01,0.0330,560 B,1.00
DirtySlugNew,Job-XWXFEH,False,Default,Default,Default,Default,Default,Default,000000000000000000000000000000000000000000000000000000000000000000000000000000000000000000000000000000000000000000000000000000001111111111111111111111111111111111111111111111111111111111111111,Empty,RyuJit,Default,X64,8c5e7fda-e8bf-4a96-9a85-a6e23a8c635c,.NET 10.0,False,True,False,True,Default,Default,False,False,False,Default,Default,Default,Default,Default,InProcessEmitToolchain,Default,Default,5,100ms,1,Default,Default,Default,Default,Default,Default,16,3,SlugDirty,256,224.218 ns,31.6058 ns,8.2079 ns,0.88,0.03,0.0313,560 B,1.00
DirtySlugOld,Job-XWXFEH,False,Default,Default,Default,Default,Default,Default,000000000000000000000000000000000000000000000000000000000000000000000000000000000000000000000000000000000000000000000000000000001111111111111111111111111111111111111111111111111111111111111111,Empty,RyuJit,Default,X64,8c5e7fda-e8bf-4a96-9a85-a6e23a8c635c,.NET 10.0,False,True,False,True,Default,Default,False,False,False,Default,Default,Default,Default,Default,InProcessEmitToolchain,Default,Default,5,100ms,1,Default,Default,Default,Default,Default,Default,16,3,SlugDirty,4096,"3,331.415 ns",149.2733 ns,38.7658 ns,1.00,0.02,0.4694,8240 B,1.00
DirtySlugNew,Job-XWXFEH,False,Default,Default,Default,Default,Default,Default,000000000000000000000000000000000000000000000000000000000000000000000000000000000000000000000000000000000000000000000000000000001111111111111111111111111111111111111111111111111111111111111111,Empty,RyuJit,Default,X64,8c5e7fda-e8bf-4a96-9a85-a6e23a8c635c,.NET 10.0,False,True,False,True,Default,Default,False,False,False,Default,Default,Default,Default,Default,InProcessEmitToolchain,Default,Default,5,100ms,1,Default,Default,Default,Default,Default,Default,16,3,SlugDirty,4096,"2,783.939 ns",290.7382 ns,75.5038 ns,0.84,0.02,0.4868,8240 B,1.00
